--------------------------------------------------------
--  File created - Wednesday-May-31-2017   
--------------------------------------------------------
--------------------------------------------------------
--  DDL for Table APPL_TBL
--------------------------------------------------------

  CREATE TABLE "BIA"."APPL_TBL" 
   (	"APPL_ID" VARCHAR2(20 BYTE), 
	"APPL_NAME" VARCHAR2(40 BYTE), 
	"LOC_ID" VARCHAR2(20 BYTE)
   ) SEGMENT CREATION IMMEDIATE 
  PCTFREE 10 PCTUSED 40 INITRANS 1 MAXTRANS 255 NOCOMPRESS LOGGING
  STORAGE(INITIAL 65536 NEXT 1048576 MINEXTENTS 1 MAXEXTENTS 2147483645
  PCTINCREASE 0 FREELISTS 1 FREELIST GROUPS 1 BUFFER_POOL DEFAULT FLASH_CACHE DEFAULT CELL_FLASH_CACHE DEFAULT)
  TABLESPACE "SYSTEM" ;
--------------------------------------------------------
--  DDL for Table AT_EVENT_TBL
--------------------------------------------------------

  CREATE TABLE "BIA"."AT_EVENT_TBL" 
   (	"UUID" VARCHAR2(50 BYTE), 
	"READER" VARCHAR2(50 BYTE), 
	"ANTENNA" VARCHAR2(50 BYTE), 
	"READ_TIME" NUMBER, 
	"LOC_ID" VARCHAR2(50 BYTE), 
	"PREV_READ_TIME" NUMBER, 
	"PREV_LOC_ID" VARCHAR2(50 BYTE), 
	"STATUS" VARCHAR2(50 BYTE), 
	"DURATION" NUMBER, 
	"READ_DATE" DATE, 
	"PREV_READ_DATE" DATE, 
	"SEQ" NUMBER
   ) SEGMENT CREATION IMMEDIATE 
  PCTFREE 10 PCTUSED 40 INITRANS 1 MAXTRANS 255 NOCOMPRESS LOGGING
  STORAGE(INITIAL 65536 NEXT 1048576 MINEXTENTS 1 MAXEXTENTS 2147483645
  PCTINCREASE 0 FREELISTS 1 FREELIST GROUPS 1 BUFFER_POOL DEFAULT FLASH_CACHE DEFAULT CELL_FLASH_CACHE DEFAULT)
  TABLESPACE "SYSTEM" ;
--------------------------------------------------------
--  DDL for Table ITEM_TBL
--------------------------------------------------------

  CREATE TABLE "BIA"."ITEM_TBL" 
   (	"ITEM_ID" VARCHAR2(20 BYTE), 
	"ITEM_NAME" VARCHAR2(20 BYTE), 
	"ITEM_CATEGORY" VARCHAR2(40 BYTE), 
	"ITEM_TYPE" VARCHAR2(40 BYTE), 
	"BASE_LOC_ID" VARCHAR2(20 BYTE), 
	"LOC_ID" VARCHAR2(20 BYTE), 
	"STATUS" VARCHAR2(20 BYTE), 
	"READ_TIME" NUMBER, 
	"READ_DATE" DATE
   ) SEGMENT CREATION IMMEDIATE 
  PCTFREE 10 PCTUSED 40 INITRANS 1 MAXTRANS 255 NOCOMPRESS LOGGING
  STORAGE(INITIAL 65536 NEXT 1048576 MINEXTENTS 1 MAXEXTENTS 2147483645
  PCTINCREASE 0 FREELISTS 1 FREELIST GROUPS 1 BUFFER_POOL DEFAULT FLASH_CACHE DEFAULT CELL_FLASH_CACHE DEFAULT)
  TABLESPACE "SYSTEM" ;
--------------------------------------------------------
--  DDL for Table LOCATION_TBL
--------------------------------------------------------

  CREATE TABLE "BIA"."LOCATION_TBL" 
   (	"LOC_ID" VARCHAR2(50 BYTE), 
	"LOC_NAME" VARCHAR2(50 BYTE), 
	"LOC_TYPE" VARCHAR2(50 BYTE)
   ) SEGMENT CREATION IMMEDIATE 
  PCTFREE 10 PCTUSED 40 INITRANS 1 MAXTRANS 255 NOCOMPRESS LOGGING
  STORAGE(INITIAL 65536 NEXT 1048576 MINEXTENTS 1 MAXEXTENTS 2147483645
  PCTINCREASE 0 FREELISTS 1 FREELIST GROUPS 1 BUFFER_POOL DEFAULT FLASH_CACHE DEFAULT CELL_FLASH_CACHE DEFAULT)
  TABLESPACE "SYSTEM" ;
--------------------------------------------------------
--  DDL for Table TAG_TBL
--------------------------------------------------------

  CREATE TABLE "BIA"."TAG_TBL" 
   (	"UUID" VARCHAR2(40 BYTE), 
	"TYPE" VARCHAR2(20 BYTE), 
	"ITEM_ID" VARCHAR2(20 BYTE)
   ) SEGMENT CREATION IMMEDIATE 
  PCTFREE 10 PCTUSED 40 INITRANS 1 MAXTRANS 255 NOCOMPRESS LOGGING
  STORAGE(INITIAL 65536 NEXT 1048576 MINEXTENTS 1 MAXEXTENTS 2147483645
  PCTINCREASE 0 FREELISTS 1 FREELIST GROUPS 1 BUFFER_POOL DEFAULT FLASH_CACHE DEFAULT CELL_FLASH_CACHE DEFAULT)
  TABLESPACE "SYSTEM" ;
--------------------------------------------------------
--  DDL for Sequence EVENTS_SEQ
--------------------------------------------------------

   CREATE SEQUENCE  "BIA"."EVENTS_SEQ"  MINVALUE 1 MAXVALUE 99999999999999999 INCREMENT BY 1 START WITH 54 NOCACHE  ORDER  NOCYCLE ;
REM INSERTING into BIA.APPL_TBL
SET DEFINE OFF;
Insert into BIA.APPL_TBL (APPL_ID,APPL_NAME,LOC_ID) values ('LOUNGE','Reader lounge,antenna 1','LOUNGE');
Insert into BIA.APPL_TBL (APPL_ID,APPL_NAME,LOC_ID) values ('TAXIWAY','Reader taxiway,antenna 2','TAXIWAY');
Insert into BIA.APPL_TBL (APPL_ID,APPL_NAME,LOC_ID) values ('EXIT GATE','Reader exit gate,antenna 2','EXITGATE');
Insert into BIA.APPL_TBL (APPL_ID,APPL_NAME,LOC_ID) values ('CONVEYER BELT','Reader conveyer belt,antenna 1','CONVEYERBELT');
Insert into BIA.APPL_TBL (APPL_ID,APPL_NAME,LOC_ID) values ('WASHROOM','Reader washroom,antenna 1','WASHROOM');
Insert into BIA.APPL_TBL (APPL_ID,APPL_NAME,LOC_ID) values ('SECURITY','Reader security,antenna 2','SECURITY');
REM INSERTING into BIA.AT_EVENT_TBL
SET DEFINE OFF;
Insert into BIA.AT_EVENT_TBL (UUID,READER,ANTENNA,READ_TIME,LOC_ID,PREV_READ_TIME,PREV_LOC_ID,STATUS,DURATION,READ_DATE,PREV_READ_DATE,SEQ) values ('E200 4000 8409 0060 0970 0627','LOUNGE','1',1489381347506,'INVENTORY',1489377352930,'INVENTORY','Entry',66.6,to_date('31-MAY-17','DD-MON-RR'),to_date('31-MAY-17','DD-MON-RR'),54);
Insert into BIA.AT_EVENT_TBL (UUID,READER,ANTENNA,READ_TIME,LOC_ID,PREV_READ_TIME,PREV_LOC_ID,STATUS,DURATION,READ_DATE,PREV_READ_DATE,SEQ) values ('E200 4000 8409 0060 0970 0618','LOUNGE','1',1490588253466,'INVENTORY',1490587657377,'INVENTORY','Exit',93.6,to_date('31-MAY-17','DD-MON-RR'),to_date('31-MAY-17','DD-MON-RR'),55);
Insert into BIA.AT_EVENT_TBL (UUID,READER,ANTENNA,READ_TIME,LOC_ID,PREV_READ_TIME,PREV_LOC_ID,STATUS,DURATION,READ_DATE,PREV_READ_DATE,SEQ) values ('E200 4000 8409 0060 0970 0618','LOUNGE','1',1489383191781,'CONVEYERBELT',1489383119114,'CONVEYERBELT','Entry',1.2,to_date('31-MAY-17','DD-MON-RR'),to_date('31-MAY-17','DD-MON-RR'),56);
Insert into BIA.AT_EVENT_TBL (UUID,READER,ANTENNA,READ_TIME,LOC_ID,PREV_READ_TIME,PREV_LOC_ID,STATUS,DURATION,READ_DATE,PREV_READ_DATE,SEQ) values ('ABE1 3606 0000 0000 0000 0000','LOUNGE','1',1489383199785,'CONVEYERBELT',1489383199785,'CONVEYERBELT','Exit',0,to_date('31-MAY-17','DD-MON-RR'),to_date('31-MAY-17','DD-MON-RR'),57);
Insert into BIA.AT_EVENT_TBL (UUID,READER,ANTENNA,READ_TIME,LOC_ID,PREV_READ_TIME,PREV_LOC_ID,STATUS,DURATION,READ_DATE,PREV_READ_DATE,SEQ) values ('E200 4000 8409 0060 0970 0627','LOUNGE','1',1489383234661,'INVENTORY',1489381347506,'INVENTORY','Entry',31.5,to_date('31-MAY-17','DD-MON-RR'),to_date('31-MAY-17','DD-MON-RR'),58);
Insert into BIA.AT_EVENT_TBL (UUID,READER,ANTENNA,READ_TIME,LOC_ID,PREV_READ_TIME,PREV_LOC_ID,STATUS,DURATION,READ_DATE,PREV_READ_DATE,SEQ) values ('E200 4000 8409 0060 0970 0618','LOUNGE','1',1489383251810,'SECURITY',1489383191781,'SECURITY','Exit',1,to_date('31-MAY-17','DD-MON-RR'),to_date('31-MAY-17','DD-MON-RR'),59);
Insert into BIA.AT_EVENT_TBL (UUID,READER,ANTENNA,READ_TIME,LOC_ID,PREV_READ_TIME,PREV_LOC_ID,STATUS,DURATION,READ_DATE,PREV_READ_DATE,SEQ) values ('ABE1 3606 0000 0000 0000 0000','LOUNGE','1',1489383259802,'SECURITY',1489383259802,'SECURITY','Exit',0,to_date('31-MAY-17','DD-MON-RR'),to_date('31-MAY-17','DD-MON-RR'),60);
Insert into BIA.AT_EVENT_TBL (UUID,READER,ANTENNA,READ_TIME,LOC_ID,PREV_READ_TIME,PREV_LOC_ID,STATUS,DURATION,READ_DATE,PREV_READ_DATE,SEQ) values ('E200 4000 8409 0060 0970 0627','LOUNGE','1',1489383294676,'SECURITY',1489383234661,'SECURITY','Exit',1,to_date('31-MAY-17','DD-MON-RR'),to_date('31-MAY-17','DD-MON-RR'),61);
Insert into BIA.AT_EVENT_TBL (UUID,READER,ANTENNA,READ_TIME,LOC_ID,PREV_READ_TIME,PREV_LOC_ID,STATUS,DURATION,READ_DATE,PREV_READ_DATE,SEQ) values ('E200 4000 8409 0060 0970 0618','LOUNGE','1',1489383311843,'SECURITY',1489383251810,'SECURITY','Entry',1,to_date('31-MAY-17','DD-MON-RR'),to_date('31-MAY-17','DD-MON-RR'),62);
Insert into BIA.AT_EVENT_TBL (UUID,READER,ANTENNA,READ_TIME,LOC_ID,PREV_READ_TIME,PREV_LOC_ID,STATUS,DURATION,READ_DATE,PREV_READ_DATE,SEQ) values ('ABE1 3606 0000 0000 0000 0000','LOUNGE','1',1489383319822,'SECURITY',1489383319822,'SECURITY','Exit',0,to_date('31-MAY-17','DD-MON-RR'),to_date('31-MAY-17','DD-MON-RR'),63);
Insert into BIA.AT_EVENT_TBL (UUID,READER,ANTENNA,READ_TIME,LOC_ID,PREV_READ_TIME,PREV_LOC_ID,STATUS,DURATION,READ_DATE,PREV_READ_DATE,SEQ) values ('ABE1 3606 0000 0000 0000 0000','LOUNGE','1',1489383388102,'SECURITY',1489383388102,'SECURITY','Exit',0,to_date('31-MAY-17','DD-MON-RR'),to_date('31-MAY-17','DD-MON-RR'),64);
Insert into BIA.AT_EVENT_TBL (UUID,READER,ANTENNA,READ_TIME,LOC_ID,PREV_READ_TIME,PREV_LOC_ID,STATUS,DURATION,READ_DATE,PREV_READ_DATE,SEQ) values ('E200 4000 8409 0060 0970 0618','LOUNGE','1',1489383388834,'SECURITY',1489383311843,'SECURITY','Exit',1.3,to_date('31-MAY-17','DD-MON-RR'),to_date('31-MAY-17','DD-MON-RR'),65);
Insert into BIA.AT_EVENT_TBL (UUID,READER,ANTENNA,READ_TIME,LOC_ID,PREV_READ_TIME,PREV_LOC_ID,STATUS,DURATION,READ_DATE,PREV_READ_DATE,SEQ) values ('E200 4000 8409 0060 0970 0627','LOUNGE','1',1489383396210,'SECURITY',1489383294676,'SECURITY','Entry',1.7,to_date('31-MAY-17','DD-MON-RR'),to_date('31-MAY-17','DD-MON-RR'),66);
Insert into BIA.AT_EVENT_TBL (UUID,READER,ANTENNA,READ_TIME,LOC_ID,PREV_READ_TIME,PREV_LOC_ID,STATUS,DURATION,READ_DATE,PREV_READ_DATE,SEQ) values ('ABE1 3606 0000 0000 0000 0000','LOUNGE','1',1489383530387,'SECURITY',1489383530387,'SECURITY','Exit',0,to_date('31-MAY-17','DD-MON-RR'),to_date('31-MAY-17','DD-MON-RR'),67);
Insert into BIA.AT_EVENT_TBL (UUID,READER,ANTENNA,READ_TIME,LOC_ID,PREV_READ_TIME,PREV_LOC_ID,STATUS,DURATION,READ_DATE,PREV_READ_DATE,SEQ) values ('E200 4000 8409 0060 0970 0627','LOUNGE','1',1489383557076,'SECURITY',1489383396210,'SECURITY','Exit',78.7,to_date('31-MAY-17','DD-MON-RR'),to_date('31-MAY-17','DD-MON-RR'),68);
Insert into BIA.AT_EVENT_TBL (UUID,READER,ANTENNA,READ_TIME,LOC_ID,PREV_READ_TIME,PREV_LOC_ID,STATUS,DURATION,READ_DATE,PREV_READ_DATE,SEQ) values ('E200 4000 8409 0060 0970 0618','LOUNGE','1',1489383581220,'SECURITY',1489383388834,'SECURITY','Entry',3.2,to_date('31-MAY-17','DD-MON-RR'),to_date('31-MAY-17','DD-MON-RR'),69);
Insert into BIA.AT_EVENT_TBL (UUID,READER,ANTENNA,READ_TIME,LOC_ID,PREV_READ_TIME,PREV_LOC_ID,STATUS,DURATION,READ_DATE,PREV_READ_DATE,SEQ) values ('ABE1 3606 0000 0000 0000 0000','LOUNGE','1',1489383592340,'SECURITY',1489383592340,'SECURITY','Exit',0,to_date('31-MAY-17','DD-MON-RR'),to_date('31-MAY-17','DD-MON-RR'),70);
Insert into BIA.AT_EVENT_TBL (UUID,READER,ANTENNA,READ_TIME,LOC_ID,PREV_READ_TIME,PREV_LOC_ID,STATUS,DURATION,READ_DATE,PREV_READ_DATE,SEQ) values ('E200 4000 8409 0060 0970 0627','LOUNGE','1',1489383608815,'EXITGATE',1489383557076,'EXITGATE','Entry',0.9,to_date('31-MAY-17','DD-MON-RR'),to_date('31-MAY-17','DD-MON-RR'),71);
Insert into BIA.AT_EVENT_TBL (UUID,READER,ANTENNA,READ_TIME,LOC_ID,PREV_READ_TIME,PREV_LOC_ID,STATUS,DURATION,READ_DATE,PREV_READ_DATE,SEQ) values ('ABE1 3606 0000 0000 0000 0000','BMH','1',1489383630025,'EXITGATE',1489383630025,'EXITGATE','Exit',0,to_date('31-MAY-17','DD-MON-RR'),to_date('31-MAY-17','DD-MON-RR'),72);
Insert into BIA.AT_EVENT_TBL (UUID,READER,ANTENNA,READ_TIME,LOC_ID,PREV_READ_TIME,PREV_LOC_ID,STATUS,DURATION,READ_DATE,PREV_READ_DATE,SEQ) values ('E200 4000 8409 0060 0970 0618','BMH','1',1489383634573,'EXITGATE',1489383581220,'EXITGATE','Exit',0.9,to_date('31-MAY-17','DD-MON-RR'),to_date('31-MAY-17','DD-MON-RR'),73);
Insert into BIA.AT_EVENT_TBL (UUID,READER,ANTENNA,READ_TIME,LOC_ID,PREV_READ_TIME,PREV_LOC_ID,STATUS,DURATION,READ_DATE,PREV_READ_DATE,SEQ) values ('E200 4000 8409 0060 0970 0627','BMH','1',1489383668843,'EXITGATE',1489383608815,'EXITGATE','Entry',1,to_date('31-MAY-17','DD-MON-RR'),to_date('31-MAY-17','DD-MON-RR'),74);
Insert into BIA.AT_EVENT_TBL (UUID,READER,ANTENNA,READ_TIME,LOC_ID,PREV_READ_TIME,PREV_LOC_ID,STATUS,DURATION,READ_DATE,PREV_READ_DATE,SEQ) values ('ABE1 3606 0000 0000 0000 0000','BMH','1',1489383885846,'EXITGATE',1489383885846,'EXITGATE','Entry',0,to_date('31-MAY-17','DD-MON-RR'),to_date('31-MAY-17','DD-MON-RR'),75);
Insert into BIA.AT_EVENT_TBL (UUID,READER,ANTENNA,READ_TIME,LOC_ID,PREV_READ_TIME,PREV_LOC_ID,STATUS,DURATION,READ_DATE,PREV_READ_DATE,SEQ) values ('ABE1 3606 0000 0000 0000 0000','BMH','1',1489383948364,'EXITGATE',1489383948364,'EXITGATE','Exit',0,to_date('31-MAY-17','DD-MON-RR'),to_date('31-MAY-17','DD-MON-RR'),76);
Insert into BIA.AT_EVENT_TBL (UUID,READER,ANTENNA,READ_TIME,LOC_ID,PREV_READ_TIME,PREV_LOC_ID,STATUS,DURATION,READ_DATE,PREV_READ_DATE,SEQ) values ('ABE1 3606 0000 0000 0000 0000','BMH','1',1489384027953,'EXITGATE',1489384027953,'EXITGATE','Exit',0,to_date('31-MAY-17','DD-MON-RR'),to_date('31-MAY-17','DD-MON-RR'),77);
Insert into BIA.AT_EVENT_TBL (UUID,READER,ANTENNA,READ_TIME,LOC_ID,PREV_READ_TIME,PREV_LOC_ID,STATUS,DURATION,READ_DATE,PREV_READ_DATE,SEQ) values ('ABE1 3606 0000 0000 0000 0000','BMH','1',1489384164999,'EXITGATE',1489384164999,'EXITGATE','Exit',0,to_date('31-MAY-17','DD-MON-RR'),to_date('31-MAY-17','DD-MON-RR'),78);
Insert into BIA.AT_EVENT_TBL (UUID,READER,ANTENNA,READ_TIME,LOC_ID,PREV_READ_TIME,PREV_LOC_ID,STATUS,DURATION,READ_DATE,PREV_READ_DATE,SEQ) values ('E200 4000 8409 0060 0970 0627','BMH','1',1489384166271,'EXITGATE',1489383668843,'EXITGATE','Exit',8.3,to_date('31-MAY-17','DD-MON-RR'),to_date('31-MAY-17','DD-MON-RR'),79);
Insert into BIA.AT_EVENT_TBL (UUID,READER,ANTENNA,READ_TIME,LOC_ID,PREV_READ_TIME,PREV_LOC_ID,STATUS,DURATION,READ_DATE,PREV_READ_DATE,SEQ) values ('E200 4000 8409 0060 0970 0618','BMH','1',1489384184227,'EXITGATE',1489383634573,'EXITGATE','Exit',9.2,to_date('31-MAY-17','DD-MON-RR'),to_date('31-MAY-17','DD-MON-RR'),80);
Insert into BIA.AT_EVENT_TBL (UUID,READER,ANTENNA,READ_TIME,LOC_ID,PREV_READ_TIME,PREV_LOC_ID,STATUS,DURATION,READ_DATE,PREV_READ_DATE,SEQ) values ('ABE1 3606 0000 0000 0000 0000','BMH','1',1489384225016,'EXITGATE',1489384225016,'EXITGATE','Exit',0,to_date('31-MAY-17','DD-MON-RR'),to_date('31-MAY-17','DD-MON-RR'),81);
Insert into BIA.AT_EVENT_TBL (UUID,READER,ANTENNA,READ_TIME,LOC_ID,PREV_READ_TIME,PREV_LOC_ID,STATUS,DURATION,READ_DATE,PREV_READ_DATE,SEQ) values ('E200 4000 8409 0060 0970 0618','BMH','1',1489384244252,'EXITGATE',1489384184227,'EXITGATE','Entry',1,to_date('31-MAY-17','DD-MON-RR'),to_date('31-MAY-17','DD-MON-RR'),82);
Insert into BIA.AT_EVENT_TBL (UUID,READER,ANTENNA,READ_TIME,LOC_ID,PREV_READ_TIME,PREV_LOC_ID,STATUS,DURATION,READ_DATE,PREV_READ_DATE,SEQ) values ('ABE1 3606 0000 0000 0000 0000','BMH','1',1489384285156,'LOUNGE',1489384285156,'LOUNGE','Exit',0,to_date('31-MAY-17','DD-MON-RR'),to_date('31-MAY-17','DD-MON-RR'),83);
Insert into BIA.AT_EVENT_TBL (UUID,READER,ANTENNA,READ_TIME,LOC_ID,PREV_READ_TIME,PREV_LOC_ID,STATUS,DURATION,READ_DATE,PREV_READ_DATE,SEQ) values ('E200 4000 8409 0060 0970 0618','BMH','1',1489384304291,'LOUNGE',1489384244252,'LOUNGE','Entry',1,to_date('31-MAY-17','DD-MON-RR'),to_date('31-MAY-17','DD-MON-RR'),84);
Insert into BIA.AT_EVENT_TBL (UUID,READER,ANTENNA,READ_TIME,LOC_ID,PREV_READ_TIME,PREV_LOC_ID,STATUS,DURATION,READ_DATE,PREV_READ_DATE,SEQ) values ('E200 4000 8409 0060 0970 0618','BMH','1',1489384364303,'LOUNGE',1489384304291,'LOUNGE','Entry',1,to_date('31-MAY-17','DD-MON-RR'),to_date('31-MAY-17','DD-MON-RR'),85);
Insert into BIA.AT_EVENT_TBL (UUID,READER,ANTENNA,READ_TIME,LOC_ID,PREV_READ_TIME,PREV_LOC_ID,STATUS,DURATION,READ_DATE,PREV_READ_DATE,SEQ) values ('E200 4000 8409 0060 0970 0618','BMH','1',1489384424308,'LOUNGE',1489384364303,'LOUNGE','Entry',1,to_date('31-MAY-17','DD-MON-RR'),to_date('31-MAY-17','DD-MON-RR'),86);
Insert into BIA.AT_EVENT_TBL (UUID,READER,ANTENNA,READ_TIME,LOC_ID,PREV_READ_TIME,PREV_LOC_ID,STATUS,DURATION,READ_DATE,PREV_READ_DATE,SEQ) values ('E200 4000 8409 0060 0970 0618','BMH','1',1489392684578,'LOUNGE',1489384424308,'LOUNGE','Entry',1,to_date('31-MAY-17','DD-MON-RR'),to_date('31-MAY-17','DD-MON-RR'),87);
Insert into BIA.AT_EVENT_TBL (UUID,READER,ANTENNA,READ_TIME,LOC_ID,PREV_READ_TIME,PREV_LOC_ID,STATUS,DURATION,READ_DATE,PREV_READ_DATE,SEQ) values ('E200 4000 8409 0060 0970 0618','BMH','1',1489384544320,'LOUNGE',1489384484310,'LOUNGE','Entry',50,to_date('31-MAY-17','DD-MON-RR'),to_date('31-MAY-17','DD-MON-RR'),88);
Insert into BIA.AT_EVENT_TBL (UUID,READER,ANTENNA,READ_TIME,LOC_ID,PREV_READ_TIME,PREV_LOC_ID,STATUS,DURATION,READ_DATE,PREV_READ_DATE,SEQ) values ('E200 4000 8409 0060 0970 0618','BMH','1',1489384604336,'LOUNGE',1489384544320,'LOUNGE','Entry',1,to_date('31-MAY-17','DD-MON-RR'),to_date('31-MAY-17','DD-MON-RR'),89);
Insert into BIA.AT_EVENT_TBL (UUID,READER,ANTENNA,READ_TIME,LOC_ID,PREV_READ_TIME,PREV_LOC_ID,STATUS,DURATION,READ_DATE,PREV_READ_DATE,SEQ) values ('E200 4000 8409 0060 0970 0618','BMH','1',1489384664440,'LOUNGE',1489384604336,'LOUNGE','Entry',1,to_date('31-MAY-17','DD-MON-RR'),to_date('31-MAY-17','DD-MON-RR'),90);
Insert into BIA.AT_EVENT_TBL (UUID,READER,ANTENNA,READ_TIME,LOC_ID,PREV_READ_TIME,PREV_LOC_ID,STATUS,DURATION,READ_DATE,PREV_READ_DATE,SEQ) values ('E200 4000 8409 0060 0970 0618','BMH','1',1489384724464,'LOUNGE',1489384664440,'LOUNGE','Entry',1,to_date('31-MAY-17','DD-MON-RR'),to_date('31-MAY-17','DD-MON-RR'),91);
Insert into BIA.AT_EVENT_TBL (UUID,READER,ANTENNA,READ_TIME,LOC_ID,PREV_READ_TIME,PREV_LOC_ID,STATUS,DURATION,READ_DATE,PREV_READ_DATE,SEQ) values ('E200 4000 8409 0060 0970 0618','BMH','1',1489384784472,'LOUNGE',1489384724464,'LOUNGE','Exit',1,to_date('31-MAY-17','DD-MON-RR'),to_date('31-MAY-17','DD-MON-RR'),92);
Insert into BIA.AT_EVENT_TBL (UUID,READER,ANTENNA,READ_TIME,LOC_ID,PREV_READ_TIME,PREV_LOC_ID,STATUS,DURATION,READ_DATE,PREV_READ_DATE,SEQ) values ('E200 4000 8409 0060 0970 0618','BMH','1',1489384844512,'LOUNGE',1489384784472,'LOUNGE','Entry',1,to_date('31-MAY-17','DD-MON-RR'),to_date('31-MAY-17','DD-MON-RR'),93);
Insert into BIA.AT_EVENT_TBL (UUID,READER,ANTENNA,READ_TIME,LOC_ID,PREV_READ_TIME,PREV_LOC_ID,STATUS,DURATION,READ_DATE,PREV_READ_DATE,SEQ) values ('E200 4000 8409 0060 0970 0618','BMH','1',1489384904518,'LOUNGE',1489384844512,'LOUNGE','Exit',1,to_date('31-MAY-17','DD-MON-RR'),to_date('31-MAY-17','DD-MON-RR'),94);
Insert into BIA.AT_EVENT_TBL (UUID,READER,ANTENNA,READ_TIME,LOC_ID,PREV_READ_TIME,PREV_LOC_ID,STATUS,DURATION,READ_DATE,PREV_READ_DATE,SEQ) values ('ABE1 3606 0000 0000 0000 0000','BMH','1',1489384912574,'LOUNGE',1489384912574,'LOUNGE','Exit',0,to_date('31-MAY-17','DD-MON-RR'),to_date('31-MAY-17','DD-MON-RR'),95);
Insert into BIA.AT_EVENT_TBL (UUID,READER,ANTENNA,READ_TIME,LOC_ID,PREV_READ_TIME,PREV_LOC_ID,STATUS,DURATION,READ_DATE,PREV_READ_DATE,SEQ) values ('E200 4000 8409 0060 0970 0618','BMH','1',1489384964528,'LOUNGE',1489384904518,'LOUNGE','Entry',1,to_date('31-MAY-17','DD-MON-RR'),to_date('31-MAY-17','DD-MON-RR'),96);
Insert into BIA.AT_EVENT_TBL (UUID,READER,ANTENNA,READ_TIME,LOC_ID,PREV_READ_TIME,PREV_LOC_ID,STATUS,DURATION,READ_DATE,PREV_READ_DATE,SEQ) values ('E200 4000 8409 0060 0970 0618','BMH','1',1489385024553,'LOUNGE',1489384964528,'LOUNGE','Exit',1,to_date('31-MAY-17','DD-MON-RR'),to_date('31-MAY-17','DD-MON-RR'),97);
Insert into BIA.AT_EVENT_TBL (UUID,READER,ANTENNA,READ_TIME,LOC_ID,PREV_READ_TIME,PREV_LOC_ID,STATUS,DURATION,READ_DATE,PREV_READ_DATE,SEQ) values ('E200 4000 8409 0060 0970 0618','BMH','1',1489385084591,'LOUNGE',1489385024553,'LOUNGE','Entry',1,to_date('31-MAY-17','DD-MON-RR'),to_date('31-MAY-17','DD-MON-RR'),98);
Insert into BIA.AT_EVENT_TBL (UUID,READER,ANTENNA,READ_TIME,LOC_ID,PREV_READ_TIME,PREV_LOC_ID,STATUS,DURATION,READ_DATE,PREV_READ_DATE,SEQ) values ('E200 4000 8409 0060 0970 0618','BMH','1',1489385144606,'LOUNGE',1489385084591,'LOUNGE','Exit',1,to_date('31-MAY-17','DD-MON-RR'),to_date('31-MAY-17','DD-MON-RR'),99);
Insert into BIA.AT_EVENT_TBL (UUID,READER,ANTENNA,READ_TIME,LOC_ID,PREV_READ_TIME,PREV_LOC_ID,STATUS,DURATION,READ_DATE,PREV_READ_DATE,SEQ) values ('E200 4000 8409 0060 0970 0618','BMH','1',1489385204613,'LOUNGE',1489385144606,'LOUNGE','Entry',1,to_date('31-MAY-17','DD-MON-RR'),to_date('31-MAY-17','DD-MON-RR'),100);
Insert into BIA.AT_EVENT_TBL (UUID,READER,ANTENNA,READ_TIME,LOC_ID,PREV_READ_TIME,PREV_LOC_ID,STATUS,DURATION,READ_DATE,PREV_READ_DATE,SEQ) values ('E200 4000 8409 0060 0970 0618','BMH','1',1489385264638,'LOUNGE',1489385204613,'LOUNGE','Exit',1,to_date('31-MAY-17','DD-MON-RR'),to_date('31-MAY-17','DD-MON-RR'),101);
Insert into BIA.AT_EVENT_TBL (UUID,READER,ANTENNA,READ_TIME,LOC_ID,PREV_READ_TIME,PREV_LOC_ID,STATUS,DURATION,READ_DATE,PREV_READ_DATE,SEQ) values ('ABE1 3606 0000 0000 0000 0000','BMH','1',1489385300264,'LOUNGE',1489385300264,'LOUNGE','Exit',0,to_date('31-MAY-17','DD-MON-RR'),to_date('31-MAY-17','DD-MON-RR'),102);
Insert into BIA.AT_EVENT_TBL (UUID,READER,ANTENNA,READ_TIME,LOC_ID,PREV_READ_TIME,PREV_LOC_ID,STATUS,DURATION,READ_DATE,PREV_READ_DATE,SEQ) values ('E200 4000 8409 0060 0970 0618','BMH','1',1489385324660,'EXITGATE',1489385264638,'EXITGATE','Entry',1,to_date('31-MAY-17','DD-MON-RR'),to_date('31-MAY-17','DD-MON-RR'),103);
Insert into BIA.AT_EVENT_TBL (UUID,READER,ANTENNA,READ_TIME,LOC_ID,PREV_READ_TIME,PREV_LOC_ID,STATUS,DURATION,READ_DATE,PREV_READ_DATE,SEQ) values ('ABE1 3606 0000 0000 0000 0000','BMH','1',1489385360433,'BMH',1489385360433,'BMH','Exit',0,to_date('31-MAY-17','DD-MON-RR'),to_date('31-MAY-17','DD-MON-RR'),104);
Insert into BIA.AT_EVENT_TBL (UUID,READER,ANTENNA,READ_TIME,LOC_ID,PREV_READ_TIME,PREV_LOC_ID,STATUS,DURATION,READ_DATE,PREV_READ_DATE,SEQ) values ('E200 4000 8409 0060 0970 0618','BMH','1',1489385384664,'BMH',1489385324660,'BMH','Exit',1,to_date('31-MAY-17','DD-MON-RR'),to_date('31-MAY-17','DD-MON-RR'),105);
Insert into BIA.AT_EVENT_TBL (UUID,READER,ANTENNA,READ_TIME,LOC_ID,PREV_READ_TIME,PREV_LOC_ID,STATUS,DURATION,READ_DATE,PREV_READ_DATE,SEQ) values ('E200 4000 8409 0060 0970 0627','BMH','1',1489385395149,'BMH',1489384166271,'BMH','Exit',20.5,to_date('31-MAY-17','DD-MON-RR'),to_date('31-MAY-17','DD-MON-RR'),106);
Insert into BIA.AT_EVENT_TBL (UUID,READER,ANTENNA,READ_TIME,LOC_ID,PREV_READ_TIME,PREV_LOC_ID,STATUS,DURATION,READ_DATE,PREV_READ_DATE,SEQ) values ('ABE1 3606 0000 0000 0000 0000','BMH','1',1489385443489,'BMH',1489385443489,'BMH','Exit',0,to_date('31-MAY-17','DD-MON-RR'),to_date('31-MAY-17','DD-MON-RR'),107);
Insert into BIA.AT_EVENT_TBL (UUID,READER,ANTENNA,READ_TIME,LOC_ID,PREV_READ_TIME,PREV_LOC_ID,STATUS,DURATION,READ_DATE,PREV_READ_DATE,SEQ) values ('E200 4000 8409 0060 0970 0627','BMH','1',1489385456706,'BMH',1489385395149,'BMH','Entry',1,to_date('31-MAY-17','DD-MON-RR'),to_date('31-MAY-17','DD-MON-RR'),108);
Insert into BIA.AT_EVENT_TBL (UUID,READER,ANTENNA,READ_TIME,LOC_ID,PREV_READ_TIME,PREV_LOC_ID,STATUS,DURATION,READ_DATE,PREV_READ_DATE,SEQ) values ('E200 4000 8409 0060 0970 0618','BMH','1',1489385460922,'BMH',1489385384664,'BMH','Entry',1.3,to_date('31-MAY-17','DD-MON-RR'),to_date('31-MAY-17','DD-MON-RR'),109);
Insert into BIA.AT_EVENT_TBL (UUID,READER,ANTENNA,READ_TIME,LOC_ID,PREV_READ_TIME,PREV_LOC_ID,STATUS,DURATION,READ_DATE,PREV_READ_DATE,SEQ) values ('ABE1 3606 0000 0000 0000 0000','BMH','1',1489385503520,'BMH',1489385503520,'BMH','Exit',0,to_date('31-MAY-17','DD-MON-RR'),to_date('31-MAY-17','DD-MON-RR'),110);
Insert into BIA.AT_EVENT_TBL (UUID,READER,ANTENNA,READ_TIME,LOC_ID,PREV_READ_TIME,PREV_LOC_ID,STATUS,DURATION,READ_DATE,PREV_READ_DATE,SEQ) values ('E200 4000 8409 0060 0970 0618','BMH','1',1489385520937,'BMH',1489385460922,'BMH','Exit',1,to_date('31-MAY-17','DD-MON-RR'),to_date('31-MAY-17','DD-MON-RR'),111);
Insert into BIA.AT_EVENT_TBL (UUID,READER,ANTENNA,READ_TIME,LOC_ID,PREV_READ_TIME,PREV_LOC_ID,STATUS,DURATION,READ_DATE,PREV_READ_DATE,SEQ) values ('ABE1 3606 0000 0000 0000 0000','EC','1',1489385529666,'CONVEYERBELT',1489385529666,'CONVEYERBELT','Exit',0,to_date('31-MAY-17','DD-MON-RR'),to_date('31-MAY-17','DD-MON-RR'),112);
Insert into BIA.AT_EVENT_TBL (UUID,READER,ANTENNA,READ_TIME,LOC_ID,PREV_READ_TIME,PREV_LOC_ID,STATUS,DURATION,READ_DATE,PREV_READ_DATE,SEQ) values ('E200 4000 8409 0060 0970 0618','EC','1',1489385529671,'CONVEYERBELT',1489385520937,'CONVEYERBELT','Entry',0.1,to_date('31-MAY-17','DD-MON-RR'),to_date('31-MAY-17','DD-MON-RR'),113);
Insert into BIA.AT_EVENT_TBL (UUID,READER,ANTENNA,READ_TIME,LOC_ID,PREV_READ_TIME,PREV_LOC_ID,STATUS,DURATION,READ_DATE,PREV_READ_DATE,SEQ) values ('E200 4000 8409 0060 0970 0627','EC','1',1489385561350,'CONVEYERBELT',1489385456706,'CONVEYERBELT','Entry',1.7,to_date('31-MAY-17','DD-MON-RR'),to_date('31-MAY-17','DD-MON-RR'),114);
Insert into BIA.AT_EVENT_TBL (UUID,READER,ANTENNA,READ_TIME,LOC_ID,PREV_READ_TIME,PREV_LOC_ID,STATUS,DURATION,READ_DATE,PREV_READ_DATE,SEQ) values ('E200 4000 8409 0060 0970 06202','BMH','1',1489388613507,'BMH',1489385518510,'BMH','Exit',20,to_date('31-MAY-17','DD-MON-RR'),to_date('31-MAY-17','DD-MON-RR'),115);
Insert into BIA.AT_EVENT_TBL (UUID,READER,ANTENNA,READ_TIME,LOC_ID,PREV_READ_TIME,PREV_LOC_ID,STATUS,DURATION,READ_DATE,PREV_READ_DATE,SEQ) values ('ABE1 3606 0000 0000 0000 0000','EC','1',1489386596174,'CONVEYERBELT',1489386596174,'CONVEYERBELT','Exit',45,to_date('31-MAY-17','DD-MON-RR'),to_date('31-MAY-17','DD-MON-RR'),116);
Insert into BIA.AT_EVENT_TBL (UUID,READER,ANTENNA,READ_TIME,LOC_ID,PREV_READ_TIME,PREV_LOC_ID,STATUS,DURATION,READ_DATE,PREV_READ_DATE,SEQ) values ('ABE1 3606 0000 0000 0000 0000','EC','1',1489386656177,'CONVEYERBELT',1489386656177,'CONVEYERBELT','Exit',0,to_date('31-MAY-17','DD-MON-RR'),to_date('31-MAY-17','DD-MON-RR'),117);
Insert into BIA.AT_EVENT_TBL (UUID,READER,ANTENNA,READ_TIME,LOC_ID,PREV_READ_TIME,PREV_LOC_ID,STATUS,DURATION,READ_DATE,PREV_READ_DATE,SEQ) values ('ABE1 3606 0000 0000 0000 0000','EC','1',1489386716236,'CONVEYERBELT',1489386716236,'CONVEYERBELT','Exit',0,to_date('31-MAY-17','DD-MON-RR'),to_date('31-MAY-17','DD-MON-RR'),118);
Insert into BIA.AT_EVENT_TBL (UUID,READER,ANTENNA,READ_TIME,LOC_ID,PREV_READ_TIME,PREV_LOC_ID,STATUS,DURATION,READ_DATE,PREV_READ_DATE,SEQ) values ('ABE1 3606 0000 0000 0000 0000','EC','1',1489386776254,'CONVEYERBELT',1489386776254,'CONVEYERBELT','Exit',0,to_date('31-MAY-17','DD-MON-RR'),to_date('31-MAY-17','DD-MON-RR'),119);
Insert into BIA.AT_EVENT_TBL (UUID,READER,ANTENNA,READ_TIME,LOC_ID,PREV_READ_TIME,PREV_LOC_ID,STATUS,DURATION,READ_DATE,PREV_READ_DATE,SEQ) values ('ABE1 3606 0000 0000 0000 0000','EC','1',1489386836272,'CONVEYERBELT',1489386836272,'CONVEYERBELT','Exit',0,to_date('31-MAY-17','DD-MON-RR'),to_date('31-MAY-17','DD-MON-RR'),120);
Insert into BIA.AT_EVENT_TBL (UUID,READER,ANTENNA,READ_TIME,LOC_ID,PREV_READ_TIME,PREV_LOC_ID,STATUS,DURATION,READ_DATE,PREV_READ_DATE,SEQ) values ('ABE1 3606 0000 0000 0000 0000','EC','1',1489386896290,'CONVEYERBELT',1489386896290,'CONVEYERBELT','Exit',0,to_date('31-MAY-17','DD-MON-RR'),to_date('31-MAY-17','DD-MON-RR'),121);
Insert into BIA.AT_EVENT_TBL (UUID,READER,ANTENNA,READ_TIME,LOC_ID,PREV_READ_TIME,PREV_LOC_ID,STATUS,DURATION,READ_DATE,PREV_READ_DATE,SEQ) values ('ABE1 3606 0000 0000 0000 0000','EC','1',1489386956303,'CONVEYERBELT',1489386956303,'CONVEYERBELT','Exit',0,to_date('31-MAY-17','DD-MON-RR'),to_date('31-MAY-17','DD-MON-RR'),122);
Insert into BIA.AT_EVENT_TBL (UUID,READER,ANTENNA,READ_TIME,LOC_ID,PREV_READ_TIME,PREV_LOC_ID,STATUS,DURATION,READ_DATE,PREV_READ_DATE,SEQ) values ('ABE1 3606 0000 0000 0000 0000','EC','1',1489387016330,'CONVEYERBELT',1489387016330,'CONVEYERBELT','Exit',0,to_date('31-MAY-17','DD-MON-RR'),to_date('31-MAY-17','DD-MON-RR'),123);
Insert into BIA.AT_EVENT_TBL (UUID,READER,ANTENNA,READ_TIME,LOC_ID,PREV_READ_TIME,PREV_LOC_ID,STATUS,DURATION,READ_DATE,PREV_READ_DATE,SEQ) values ('ABE1 3606 0000 0000 0000 0000','EC','1',1489387132513,'CONVEYERBELT',1489387132513,'CONVEYERBELT','Exit',0,to_date('31-MAY-17','DD-MON-RR'),to_date('31-MAY-17','DD-MON-RR'),124);
Insert into BIA.AT_EVENT_TBL (UUID,READER,ANTENNA,READ_TIME,LOC_ID,PREV_READ_TIME,PREV_LOC_ID,STATUS,DURATION,READ_DATE,PREV_READ_DATE,SEQ) values ('ABE1 3606 0000 0000 0000 0000','EC','1',1489387223408,'CONVEYERBELT',1489387223408,'CONVEYERBELT','Exit',0,to_date('31-MAY-17','DD-MON-RR'),to_date('31-MAY-17','DD-MON-RR'),125);
Insert into BIA.AT_EVENT_TBL (UUID,READER,ANTENNA,READ_TIME,LOC_ID,PREV_READ_TIME,PREV_LOC_ID,STATUS,DURATION,READ_DATE,PREV_READ_DATE,SEQ) values ('ABE1 3606 0000 0000 0000 0000','EC','1',1489387310509,'CONVEYERBELT',1489387310509,'CONVEYERBELT','Exit',0,to_date('31-MAY-17','DD-MON-RR'),to_date('31-MAY-17','DD-MON-RR'),126);
Insert into BIA.AT_EVENT_TBL (UUID,READER,ANTENNA,READ_TIME,LOC_ID,PREV_READ_TIME,PREV_LOC_ID,STATUS,DURATION,READ_DATE,PREV_READ_DATE,SEQ) values ('ABE1 3606 0000 0000 0000 0000','EC','1',1489387430688,'CONVEYERBELT',1489387430688,'CONVEYERBELT','Exit',0,to_date('31-MAY-17','DD-MON-RR'),to_date('31-MAY-17','DD-MON-RR'),127);
Insert into BIA.AT_EVENT_TBL (UUID,READER,ANTENNA,READ_TIME,LOC_ID,PREV_READ_TIME,PREV_LOC_ID,STATUS,DURATION,READ_DATE,PREV_READ_DATE,SEQ) values ('ABE1 3606 0000 0000 0000 0000','EC','1',1489387517733,'CONVEYERBELT',1489387517733,'CONVEYERBELT','Exit',0,to_date('31-MAY-17','DD-MON-RR'),to_date('31-MAY-17','DD-MON-RR'),128);
Insert into BIA.AT_EVENT_TBL (UUID,READER,ANTENNA,READ_TIME,LOC_ID,PREV_READ_TIME,PREV_LOC_ID,STATUS,DURATION,READ_DATE,PREV_READ_DATE,SEQ) values ('ABE1 3606 0000 0000 0000 0000','EC','1',1489387584338,'CONVEYERBELT',1489387584338,'CONVEYERBELT','Exit',0,to_date('31-MAY-17','DD-MON-RR'),to_date('31-MAY-17','DD-MON-RR'),129);
Insert into BIA.AT_EVENT_TBL (UUID,READER,ANTENNA,READ_TIME,LOC_ID,PREV_READ_TIME,PREV_LOC_ID,STATUS,DURATION,READ_DATE,PREV_READ_DATE,SEQ) values ('ABE1 3606 0000 0000 0000 0000','EC','1',1489387644341,'CONVEYERBELT',1489387644341,'CONVEYERBELT','Exit',0,to_date('31-MAY-17','DD-MON-RR'),to_date('31-MAY-17','DD-MON-RR'),130);
Insert into BIA.AT_EVENT_TBL (UUID,READER,ANTENNA,READ_TIME,LOC_ID,PREV_READ_TIME,PREV_LOC_ID,STATUS,DURATION,READ_DATE,PREV_READ_DATE,SEQ) values ('ABE1 3606 0000 0000 0000 0000','EC','1',1489387704344,'CONVEYERBELT',1489387704344,'CONVEYERBELT','Exit',0,to_date('31-MAY-17','DD-MON-RR'),to_date('31-MAY-17','DD-MON-RR'),131);
Insert into BIA.AT_EVENT_TBL (UUID,READER,ANTENNA,READ_TIME,LOC_ID,PREV_READ_TIME,PREV_LOC_ID,STATUS,DURATION,READ_DATE,PREV_READ_DATE,SEQ) values ('E200 4000 8409 0060 0970 06224','EC','1',1489387051547,'CONVEYERBELT',1489385546767,'CONVEYERBELT','Entry',25.1,to_date('31-MAY-17','DD-MON-RR'),to_date('31-MAY-17','DD-MON-RR'),132);
Insert into BIA.AT_EVENT_TBL (UUID,READER,ANTENNA,READ_TIME,LOC_ID,PREV_READ_TIME,PREV_LOC_ID,STATUS,DURATION,READ_DATE,PREV_READ_DATE,SEQ) values ('E200 4000 8409 0060 0970 06224','EC','1',1489387051547,'CONVEYERBELT',1489367112956,'CONVEYERBELT','Exit',534,to_date('31-MAY-17','DD-MON-RR'),to_date('31-MAY-17','DD-MON-RR'),133);
Insert into BIA.AT_EVENT_TBL (UUID,READER,ANTENNA,READ_TIME,LOC_ID,PREV_READ_TIME,PREV_LOC_ID,STATUS,DURATION,READ_DATE,PREV_READ_DATE,SEQ) values ('ABE1 3606 0000 0000 0000 0000','EC','1',1489388202877,'CONVEYERBELT',1489388202877,'CONVEYERBELT','Exit',0,to_date('31-MAY-17','DD-MON-RR'),to_date('31-MAY-17','DD-MON-RR'),134);
Insert into BIA.AT_EVENT_TBL (UUID,READER,ANTENNA,READ_TIME,LOC_ID,PREV_READ_TIME,PREV_LOC_ID,STATUS,DURATION,READ_DATE,PREV_READ_DATE,SEQ) values ('E200 4000 8409 0060 0970 0627','EC','1',1489388230069,'CONVEYERBELT',1489385561350,'CONVEYERBELT','Exit',44.5,to_date('31-MAY-17','DD-MON-RR'),to_date('31-MAY-17','DD-MON-RR'),135);
Insert into BIA.AT_EVENT_TBL (UUID,READER,ANTENNA,READ_TIME,LOC_ID,PREV_READ_TIME,PREV_LOC_ID,STATUS,DURATION,READ_DATE,PREV_READ_DATE,SEQ) values ('E200 4000 8409 0060 0970 0618','EC','1',1489388241335,'CONVEYERBELT',1489385529671,'CONVEYERBELT','Exit',45.2,to_date('31-MAY-17','DD-MON-RR'),to_date('31-MAY-17','DD-MON-RR'),136);
Insert into BIA.AT_EVENT_TBL (UUID,READER,ANTENNA,READ_TIME,LOC_ID,PREV_READ_TIME,PREV_LOC_ID,STATUS,DURATION,READ_DATE,PREV_READ_DATE,SEQ) values ('E200 4000 8409 0060 0970 0618','EC','1',1489388301349,'CONVEYERBELT',1489388241335,'CONVEYERBELT','Entry',1,to_date('31-MAY-17','DD-MON-RR'),to_date('31-MAY-17','DD-MON-RR'),137);
Insert into BIA.AT_EVENT_TBL (UUID,READER,ANTENNA,READ_TIME,LOC_ID,PREV_READ_TIME,PREV_LOC_ID,STATUS,DURATION,READ_DATE,PREV_READ_DATE,SEQ) values ('E200 4000 8409 0060 0970 0627','EC','1',1489388367965,'CONVEYERBELT',1489388230069,'CONVEYERBELT','Entry',2.3,to_date('31-MAY-17','DD-MON-RR'),to_date('31-MAY-17','DD-MON-RR'),138);
Insert into BIA.AT_EVENT_TBL (UUID,READER,ANTENNA,READ_TIME,LOC_ID,PREV_READ_TIME,PREV_LOC_ID,STATUS,DURATION,READ_DATE,PREV_READ_DATE,SEQ) values ('E200 4000 8409 0060 0970 0627','KOR','1',1489388459581,'INVENTORY',1489388367965,'INVENTORY','Entry',1.5,to_date('31-MAY-17','DD-MON-RR'),to_date('31-MAY-17','DD-MON-RR'),139);
Insert into BIA.AT_EVENT_TBL (UUID,READER,ANTENNA,READ_TIME,LOC_ID,PREV_READ_TIME,PREV_LOC_ID,STATUS,DURATION,READ_DATE,PREV_READ_DATE,SEQ) values ('E200 4000 8409 0060 0970 0627','KOR','1',1489388519594,'INVENTORY',1489388459581,'INVENTORY','Exit',1,to_date('31-MAY-17','DD-MON-RR'),to_date('31-MAY-17','DD-MON-RR'),140);
Insert into BIA.AT_EVENT_TBL (UUID,READER,ANTENNA,READ_TIME,LOC_ID,PREV_READ_TIME,PREV_LOC_ID,STATUS,DURATION,READ_DATE,PREV_READ_DATE,SEQ) values ('E200 4000 8409 0060 0970 0627','KOR','1',1489388579617,'INVENTORY',1489388519594,'INVENTORY','Entry',1,to_date('31-MAY-17','DD-MON-RR'),to_date('31-MAY-17','DD-MON-RR'),141);
Insert into BIA.AT_EVENT_TBL (UUID,READER,ANTENNA,READ_TIME,LOC_ID,PREV_READ_TIME,PREV_LOC_ID,STATUS,DURATION,READ_DATE,PREV_READ_DATE,SEQ) values ('E200 4000 8409 0060 0970 06246','BMH','1',1489388639634,'BMH',1489378579617,'BMH','Exit',1,to_date('31-MAY-17','DD-MON-RR'),to_date('31-MAY-17','DD-MON-RR'),142);
Insert into BIA.AT_EVENT_TBL (UUID,READER,ANTENNA,READ_TIME,LOC_ID,PREV_READ_TIME,PREV_LOC_ID,STATUS,DURATION,READ_DATE,PREV_READ_DATE,SEQ) values ('E200 4000 8409 0060 0970 0618','KOR','1',1489388684250,'INVENTORY',1489388301349,'INVENTORY','Entry',6.4,to_date('31-MAY-17','DD-MON-RR'),to_date('31-MAY-17','DD-MON-RR'),143);
Insert into BIA.AT_EVENT_TBL (UUID,READER,ANTENNA,READ_TIME,LOC_ID,PREV_READ_TIME,PREV_LOC_ID,STATUS,DURATION,READ_DATE,PREV_READ_DATE,SEQ) values ('E200 4000 8409 0060 0970 0618','KOR','1',1489388744257,'INVENTORY',1489388684250,'INVENTORY','Exit',1,to_date('31-MAY-17','DD-MON-RR'),to_date('31-MAY-17','DD-MON-RR'),144);
Insert into BIA.AT_EVENT_TBL (UUID,READER,ANTENNA,READ_TIME,LOC_ID,PREV_READ_TIME,PREV_LOC_ID,STATUS,DURATION,READ_DATE,PREV_READ_DATE,SEQ) values ('E200 4000 8409 0060 0970 0618','KOR','1',1489388804266,'INVENTORY',1489388744257,'INVENTORY','Entry',1,to_date('31-MAY-17','DD-MON-RR'),to_date('31-MAY-17','DD-MON-RR'),145);
Insert into BIA.AT_EVENT_TBL (UUID,READER,ANTENNA,READ_TIME,LOC_ID,PREV_READ_TIME,PREV_LOC_ID,STATUS,DURATION,READ_DATE,PREV_READ_DATE,SEQ) values ('E200 4000 8409 0060 0970 0618','KOR','1',1489388898963,'INVENTORY',1489388804266,'INVENTORY','Exit',1.6,to_date('31-MAY-17','DD-MON-RR'),to_date('31-MAY-17','DD-MON-RR'),146);
Insert into BIA.AT_EVENT_TBL (UUID,READER,ANTENNA,READ_TIME,LOC_ID,PREV_READ_TIME,PREV_LOC_ID,STATUS,DURATION,READ_DATE,PREV_READ_DATE,SEQ) values ('E200 4000 8409 0060 0970 0618','EC','1',1489388947733,'CONVEYERBELT',1489388898963,'CONVEYERBELT','Entry',0.8,to_date('31-MAY-17','DD-MON-RR'),to_date('31-MAY-17','DD-MON-RR'),147);
Insert into BIA.AT_EVENT_TBL (UUID,READER,ANTENNA,READ_TIME,LOC_ID,PREV_READ_TIME,PREV_LOC_ID,STATUS,DURATION,READ_DATE,PREV_READ_DATE,SEQ) values ('E200 4000 8409 0060 0970 0618','EC','1',1489388982033,'WASHROOM',1489388947733,'WASHROOM','Exit',0.6,to_date('31-MAY-17','DD-MON-RR'),to_date('31-MAY-17','DD-MON-RR'),148);
Insert into BIA.AT_EVENT_TBL (UUID,READER,ANTENNA,READ_TIME,LOC_ID,PREV_READ_TIME,PREV_LOC_ID,STATUS,DURATION,READ_DATE,PREV_READ_DATE,SEQ) values ('E200 4000 8409 0060 0970 0618','KOR','1',1489389017010,'INVENTORY',1489388982033,'INVENTORY','Entry',0.6,to_date('31-MAY-17','DD-MON-RR'),to_date('31-MAY-17','DD-MON-RR'),149);
Insert into BIA.AT_EVENT_TBL (UUID,READER,ANTENNA,READ_TIME,LOC_ID,PREV_READ_TIME,PREV_LOC_ID,STATUS,DURATION,READ_DATE,PREV_READ_DATE,SEQ) values ('E200 4000 8409 0060 0970 0618','KOR','1',1489389454479,'INVENTORY',1489389017010,'INVENTORY','Exit',7.3,to_date('31-MAY-17','DD-MON-RR'),to_date('31-MAY-17','DD-MON-RR'),150);
Insert into BIA.AT_EVENT_TBL (UUID,READER,ANTENNA,READ_TIME,LOC_ID,PREV_READ_TIME,PREV_LOC_ID,STATUS,DURATION,READ_DATE,PREV_READ_DATE,SEQ) values ('E200 4000 8409 0060 0970 0618','EC','1',1489389513147,'WASHROOM',1489389454479,'WASHROOM','Entry',1,to_date('31-MAY-17','DD-MON-RR'),to_date('31-MAY-17','DD-MON-RR'),151);
Insert into BIA.AT_EVENT_TBL (UUID,READER,ANTENNA,READ_TIME,LOC_ID,PREV_READ_TIME,PREV_LOC_ID,STATUS,DURATION,READ_DATE,PREV_READ_DATE,SEQ) values ('E200 4000 8409 0060 0970 0618','EC','1',1489389532882,'WASHROOM',1489389513147,'WASHROOM','Exit',0.3,to_date('31-MAY-17','DD-MON-RR'),to_date('31-MAY-17','DD-MON-RR'),152);
Insert into BIA.AT_EVENT_TBL (UUID,READER,ANTENNA,READ_TIME,LOC_ID,PREV_READ_TIME,PREV_LOC_ID,STATUS,DURATION,READ_DATE,PREV_READ_DATE,SEQ) values ('E200 4000 8409 0060 0970 0618','KOR','1',1489389559863,'INVENTORY',1489389532882,'INVENTORY','Entry',0.4,to_date('31-MAY-17','DD-MON-RR'),to_date('31-MAY-17','DD-MON-RR'),153);
Insert into BIA.AT_EVENT_TBL (UUID,READER,ANTENNA,READ_TIME,LOC_ID,PREV_READ_TIME,PREV_LOC_ID,STATUS,DURATION,READ_DATE,PREV_READ_DATE,SEQ) values ('E200 4000 8409 0060 0970 0618','KOR','1',1489389915393,'INVENTORY',1489389559863,'INVENTORY','Exit',5.9,to_date('31-MAY-17','DD-MON-RR'),to_date('31-MAY-17','DD-MON-RR'),154);
Insert into BIA.AT_EVENT_TBL (UUID,READER,ANTENNA,READ_TIME,LOC_ID,PREV_READ_TIME,PREV_LOC_ID,STATUS,DURATION,READ_DATE,PREV_READ_DATE,SEQ) values ('E200 4000 8409 0060 0970 0618','EC','1',1489389949409,'WASHROOM',1489389915393,'WASHROOM','Entry',0.6,to_date('31-MAY-17','DD-MON-RR'),to_date('31-MAY-17','DD-MON-RR'),155);
Insert into BIA.AT_EVENT_TBL (UUID,READER,ANTENNA,READ_TIME,LOC_ID,PREV_READ_TIME,PREV_LOC_ID,STATUS,DURATION,READ_DATE,PREV_READ_DATE,SEQ) values ('E200 4000 8409 0060 0970 0618','EC','1',1489389968777,'WASHROOM',1489389949409,'WASHROOM','Exit',0.3,to_date('31-MAY-17','DD-MON-RR'),to_date('31-MAY-17','DD-MON-RR'),156);
Insert into BIA.AT_EVENT_TBL (UUID,READER,ANTENNA,READ_TIME,LOC_ID,PREV_READ_TIME,PREV_LOC_ID,STATUS,DURATION,READ_DATE,PREV_READ_DATE,SEQ) values ('E200 4000 8409 0060 0970 0618','KOR','1',1489390006090,'INVENTORY',1489389968777,'INVENTORY','Entry',0.6,to_date('31-MAY-17','DD-MON-RR'),to_date('31-MAY-17','DD-MON-RR'),157);
Insert into BIA.AT_EVENT_TBL (UUID,READER,ANTENNA,READ_TIME,LOC_ID,PREV_READ_TIME,PREV_LOC_ID,STATUS,DURATION,READ_DATE,PREV_READ_DATE,SEQ) values ('E200 4000 8409 0060 0970 0618','KOR','1',1489390190422,'INVENTORY',1489390006090,'INVENTORY','Exit',3.1,to_date('31-MAY-17','DD-MON-RR'),to_date('31-MAY-17','DD-MON-RR'),158);
Insert into BIA.AT_EVENT_TBL (UUID,READER,ANTENNA,READ_TIME,LOC_ID,PREV_READ_TIME,PREV_LOC_ID,STATUS,DURATION,READ_DATE,PREV_READ_DATE,SEQ) values ('E200 4000 8409 0060 0970 0618','EC','1',1489390237529,'WASHROOM',1489390190422,'WASHROOM','Entry',0.8,to_date('31-MAY-17','DD-MON-RR'),to_date('31-MAY-17','DD-MON-RR'),159);
Insert into BIA.AT_EVENT_TBL (UUID,READER,ANTENNA,READ_TIME,LOC_ID,PREV_READ_TIME,PREV_LOC_ID,STATUS,DURATION,READ_DATE,PREV_READ_DATE,SEQ) values ('E200 4000 8409 0060 0970 0618','EC','1',1489390274650,'WASHROOM',1489390237529,'WASHROOM','Exit',0.6,to_date('31-MAY-17','DD-MON-RR'),to_date('31-MAY-17','DD-MON-RR'),160);
Insert into BIA.AT_EVENT_TBL (UUID,READER,ANTENNA,READ_TIME,LOC_ID,PREV_READ_TIME,PREV_LOC_ID,STATUS,DURATION,READ_DATE,PREV_READ_DATE,SEQ) values ('E200 4000 8409 0060 0970 0618','KOR','1',1489390299399,'INVENTORY',1489390274650,'INVENTORY','Entry',0.4,to_date('31-MAY-17','DD-MON-RR'),to_date('31-MAY-17','DD-MON-RR'),161);
Insert into BIA.AT_EVENT_TBL (UUID,READER,ANTENNA,READ_TIME,LOC_ID,PREV_READ_TIME,PREV_LOC_ID,STATUS,DURATION,READ_DATE,PREV_READ_DATE,SEQ) values ('E200 4000 8409 0060 0970 0618','KOR','1',1489392409973,'INVENTORY',1489390299399,'INVENTORY','Exit',35.2,to_date('31-MAY-17','DD-MON-RR'),to_date('31-MAY-17','DD-MON-RR'),162);
Insert into BIA.AT_EVENT_TBL (UUID,READER,ANTENNA,READ_TIME,LOC_ID,PREV_READ_TIME,PREV_LOC_ID,STATUS,DURATION,READ_DATE,PREV_READ_DATE,SEQ) values ('E200 4000 8409 0060 0970 0618','EC','1',1489392441913,'WASHROOM',1489392409973,'WASHROOM','Entry',0.5,to_date('31-MAY-17','DD-MON-RR'),to_date('31-MAY-17','DD-MON-RR'),163);
Insert into BIA.AT_EVENT_TBL (UUID,READER,ANTENNA,READ_TIME,LOC_ID,PREV_READ_TIME,PREV_LOC_ID,STATUS,DURATION,READ_DATE,PREV_READ_DATE,SEQ) values ('E200 4000 8409 0060 0970 0618','BMH','1',1489392501404,'BMH',1489392441913,'BMH','Entry',1,to_date('31-MAY-17','DD-MON-RR'),to_date('31-MAY-17','DD-MON-RR'),164);
Insert into BIA.AT_EVENT_TBL (UUID,READER,ANTENNA,READ_TIME,LOC_ID,PREV_READ_TIME,PREV_LOC_ID,STATUS,DURATION,READ_DATE,PREV_READ_DATE,SEQ) values ('E200 4000 8409 0060 0970 0618','BMH','1',1489392515793,'BMH',1489392501404,'BMH','Exit',0.2,to_date('31-MAY-17','DD-MON-RR'),to_date('31-MAY-17','DD-MON-RR'),165);
Insert into BIA.AT_EVENT_TBL (UUID,READER,ANTENNA,READ_TIME,LOC_ID,PREV_READ_TIME,PREV_LOC_ID,STATUS,DURATION,READ_DATE,PREV_READ_DATE,SEQ) values ('E200 4000 8409 0060 0970 0618','KOR','1',1489392544716,'INVENTORY',1489392515793,'INVENTORY','Entry',0.5,to_date('31-MAY-17','DD-MON-RR'),to_date('31-MAY-17','DD-MON-RR'),166);
Insert into BIA.AT_EVENT_TBL (UUID,READER,ANTENNA,READ_TIME,LOC_ID,PREV_READ_TIME,PREV_LOC_ID,STATUS,DURATION,READ_DATE,PREV_READ_DATE,SEQ) values ('E200 4000 8409 0060 0970 0618','KOR','1',1489392566886,'INVENTORY',1489392544716,'INVENTORY','Exit',0.4,to_date('31-MAY-17','DD-MON-RR'),to_date('31-MAY-17','DD-MON-RR'),167);
Insert into BIA.AT_EVENT_TBL (UUID,READER,ANTENNA,READ_TIME,LOC_ID,PREV_READ_TIME,PREV_LOC_ID,STATUS,DURATION,READ_DATE,PREV_READ_DATE,SEQ) values ('E200 4000 8409 0060 0970 0618','EC','1',1489392608613,'WASHROOM',1489392566886,'WASHROOM','Entry',0.7,to_date('31-MAY-17','DD-MON-RR'),to_date('31-MAY-17','DD-MON-RR'),168);
Insert into BIA.AT_EVENT_TBL (UUID,READER,ANTENNA,READ_TIME,LOC_ID,PREV_READ_TIME,PREV_LOC_ID,STATUS,DURATION,READ_DATE,PREV_READ_DATE,SEQ) values ('E200 4000 8409 0060 0970 0618','EC','1',1489392625938,'WASHROOM',1489392608613,'WASHROOM','Exit',0.3,to_date('31-MAY-17','DD-MON-RR'),to_date('31-MAY-17','DD-MON-RR'),169);
Insert into BIA.AT_EVENT_TBL (UUID,READER,ANTENNA,READ_TIME,LOC_ID,PREV_READ_TIME,PREV_LOC_ID,STATUS,DURATION,READ_DATE,PREV_READ_DATE,SEQ) values ('E200 4000 8409 0060 0970 0618','BMH','1',1489392652907,'BMH',1489392625938,'BMH','Entry',0.4,to_date('31-MAY-17','DD-MON-RR'),to_date('31-MAY-17','DD-MON-RR'),170);
Insert into BIA.AT_EVENT_TBL (UUID,READER,ANTENNA,READ_TIME,LOC_ID,PREV_READ_TIME,PREV_LOC_ID,STATUS,DURATION,READ_DATE,PREV_READ_DATE,SEQ) values ('E200 4000 8409 0060 0970 0618','BMH','1',1489392669824,'BMH',1489392652907,'BMH','Exit',0.3,to_date('31-MAY-17','DD-MON-RR'),to_date('31-MAY-17','DD-MON-RR'),171);
Insert into BIA.AT_EVENT_TBL (UUID,READER,ANTENNA,READ_TIME,LOC_ID,PREV_READ_TIME,PREV_LOC_ID,STATUS,DURATION,READ_DATE,PREV_READ_DATE,SEQ) values ('E200 4000 8409 0060 0970 0618','KOR','1',1489392707151,'INVENTORY',1489392669824,'INVENTORY','Entry',0.6,to_date('31-MAY-17','DD-MON-RR'),to_date('31-MAY-17','DD-MON-RR'),172);
Insert into BIA.AT_EVENT_TBL (UUID,READER,ANTENNA,READ_TIME,LOC_ID,PREV_READ_TIME,PREV_LOC_ID,STATUS,DURATION,READ_DATE,PREV_READ_DATE,SEQ) values ('E200 4000 8409 0060 0970 06246','KOR','1',1489384244252,'INVENTORY',1489385578321,'INVENTORY','Entry',-22.2,to_date('31-MAY-17','DD-MON-RR'),to_date('31-MAY-17','DD-MON-RR'),173);
Insert into BIA.AT_EVENT_TBL (UUID,READER,ANTENNA,READ_TIME,LOC_ID,PREV_READ_TIME,PREV_LOC_ID,STATUS,DURATION,READ_DATE,PREV_READ_DATE,SEQ) values ('E200 4000 8409 0060 0970 0618','KOR','1',1489396749158,'INVENTORY',1489392707151,'INVENTORY','Exit',67.4,to_date('31-MAY-17','DD-MON-RR'),to_date('31-MAY-17','DD-MON-RR'),174);
Insert into BIA.AT_EVENT_TBL (UUID,READER,ANTENNA,READ_TIME,LOC_ID,PREV_READ_TIME,PREV_LOC_ID,STATUS,DURATION,READ_DATE,PREV_READ_DATE,SEQ) values ('E200 4000 8409 0060 0970 0618','KOR','1',1489396811723,'INVENTORY',1489396749158,'INVENTORY','Entry',1,to_date('31-MAY-17','DD-MON-RR'),to_date('31-MAY-17','DD-MON-RR'),175);
Insert into BIA.AT_EVENT_TBL (UUID,READER,ANTENNA,READ_TIME,LOC_ID,PREV_READ_TIME,PREV_LOC_ID,STATUS,DURATION,READ_DATE,PREV_READ_DATE,SEQ) values ('ABE1 3606 0000 0000 0000 0000','KOR','1',1489396812250,'INVENTORY',1489396812250,'INVENTORY','Exit',0,to_date('31-MAY-17','DD-MON-RR'),to_date('31-MAY-17','DD-MON-RR'),176);
Insert into BIA.AT_EVENT_TBL (UUID,READER,ANTENNA,READ_TIME,LOC_ID,PREV_READ_TIME,PREV_LOC_ID,STATUS,DURATION,READ_DATE,PREV_READ_DATE,SEQ) values ('E200 4000 8409 0060 0970 0618','EC','1',1489396913905,'WASHROOM',1489396811723,'WASHROOM','Entry',1.7,to_date('31-MAY-17','DD-MON-RR'),to_date('31-MAY-17','DD-MON-RR'),177);
Insert into BIA.AT_EVENT_TBL (UUID,READER,ANTENNA,READ_TIME,LOC_ID,PREV_READ_TIME,PREV_LOC_ID,STATUS,DURATION,READ_DATE,PREV_READ_DATE,SEQ) values ('E200 4000 8409 0060 0970 0618','EC','1',1489396973944,'WASHROOM',1489396913905,'WASHROOM','Exit',1,to_date('31-MAY-17','DD-MON-RR'),to_date('31-MAY-17','DD-MON-RR'),178);
Insert into BIA.AT_EVENT_TBL (UUID,READER,ANTENNA,READ_TIME,LOC_ID,PREV_READ_TIME,PREV_LOC_ID,STATUS,DURATION,READ_DATE,PREV_READ_DATE,SEQ) values ('E200 4000 8409 0060 0970 0618','EC','1',1489397007439,'WASHROOM',1489396973944,'WASHROOM','Entry',0.6,to_date('31-MAY-17','DD-MON-RR'),to_date('31-MAY-17','DD-MON-RR'),179);
Insert into BIA.AT_EVENT_TBL (UUID,READER,ANTENNA,READ_TIME,LOC_ID,PREV_READ_TIME,PREV_LOC_ID,STATUS,DURATION,READ_DATE,PREV_READ_DATE,SEQ) values ('E200 4000 8409 0060 0970 0618','KOR','1',1489397063302,'INVENTORY',1489397007439,'INVENTORY','Entry',0.9,to_date('31-MAY-17','DD-MON-RR'),to_date('31-MAY-17','DD-MON-RR'),180);
Insert into BIA.AT_EVENT_TBL (UUID,READER,ANTENNA,READ_TIME,LOC_ID,PREV_READ_TIME,PREV_LOC_ID,STATUS,DURATION,READ_DATE,PREV_READ_DATE,SEQ) values ('E200 4000 8409 0060 0970 0618','KOR','1',1489397085515,'INVENTORY',1489397063302,'INVENTORY','Exit',0.4,to_date('31-MAY-17','DD-MON-RR'),to_date('31-MAY-17','DD-MON-RR'),181);
Insert into BIA.AT_EVENT_TBL (UUID,READER,ANTENNA,READ_TIME,LOC_ID,PREV_READ_TIME,PREV_LOC_ID,STATUS,DURATION,READ_DATE,PREV_READ_DATE,SEQ) values ('E200 4000 8409 0060 0970 0618','EC','1',1489397116024,'WASHROOM',1489397085515,'WASHROOM','Entry',0.5,to_date('31-MAY-17','DD-MON-RR'),to_date('31-MAY-17','DD-MON-RR'),182);
Insert into BIA.AT_EVENT_TBL (UUID,READER,ANTENNA,READ_TIME,LOC_ID,PREV_READ_TIME,PREV_LOC_ID,STATUS,DURATION,READ_DATE,PREV_READ_DATE,SEQ) values ('E200 4000 8409 0060 0970 0618','EC','1',1489397130109,'WASHROOM',1489397116024,'WASHROOM','Exit',0.2,to_date('31-MAY-17','DD-MON-RR'),to_date('31-MAY-17','DD-MON-RR'),183);
Insert into BIA.AT_EVENT_TBL (UUID,READER,ANTENNA,READ_TIME,LOC_ID,PREV_READ_TIME,PREV_LOC_ID,STATUS,DURATION,READ_DATE,PREV_READ_DATE,SEQ) values ('E200 4000 8409 0060 0970 0618','KOR','1',1489397152975,'INVENTORY',1489397130109,'INVENTORY','Entry',0.4,to_date('31-MAY-17','DD-MON-RR'),to_date('31-MAY-17','DD-MON-RR'),184);
Insert into BIA.AT_EVENT_TBL (UUID,READER,ANTENNA,READ_TIME,LOC_ID,PREV_READ_TIME,PREV_LOC_ID,STATUS,DURATION,READ_DATE,PREV_READ_DATE,SEQ) values ('E200 4000 8409 0060 0970 0618','KOR','1',1489397265629,'INVENTORY',1489397152975,'INVENTORY','Exit',1.9,to_date('31-MAY-17','DD-MON-RR'),to_date('31-MAY-17','DD-MON-RR'),185);
Insert into BIA.AT_EVENT_TBL (UUID,READER,ANTENNA,READ_TIME,LOC_ID,PREV_READ_TIME,PREV_LOC_ID,STATUS,DURATION,READ_DATE,PREV_READ_DATE,SEQ) values ('E200 4000 8409 0060 0970 0618','EC','1',1489397300649,'WASHROOM',1489397265629,'WASHROOM','Entry',0.6,to_date('31-MAY-17','DD-MON-RR'),to_date('31-MAY-17','DD-MON-RR'),186);
Insert into BIA.AT_EVENT_TBL (UUID,READER,ANTENNA,READ_TIME,LOC_ID,PREV_READ_TIME,PREV_LOC_ID,STATUS,DURATION,READ_DATE,PREV_READ_DATE,SEQ) values ('E200 4000 8409 0060 0970 0618','EC','1',1489397329849,'WASHROOM',1489397300649,'WASHROOM','Exit',0.5,to_date('31-MAY-17','DD-MON-RR'),to_date('31-MAY-17','DD-MON-RR'),187);
Insert into BIA.AT_EVENT_TBL (UUID,READER,ANTENNA,READ_TIME,LOC_ID,PREV_READ_TIME,PREV_LOC_ID,STATUS,DURATION,READ_DATE,PREV_READ_DATE,SEQ) values ('E200 4000 8409 0060 0970 0618','KOR','1',1489397358975,'INVENTORY',1489397329849,'INVENTORY','Entry',0.5,to_date('31-MAY-17','DD-MON-RR'),to_date('31-MAY-17','DD-MON-RR'),188);
Insert into BIA.AT_EVENT_TBL (UUID,READER,ANTENNA,READ_TIME,LOC_ID,PREV_READ_TIME,PREV_LOC_ID,STATUS,DURATION,READ_DATE,PREV_READ_DATE,SEQ) values ('ABE1 3606 0000 0000 0000 0000','KOR','1',1489401314605,'INVENTORY',1489401314605,'INVENTORY','Exit',0,to_date('31-MAY-17','DD-MON-RR'),to_date('31-MAY-17','DD-MON-RR'),189);
Insert into BIA.AT_EVENT_TBL (UUID,READER,ANTENNA,READ_TIME,LOC_ID,PREV_READ_TIME,PREV_LOC_ID,STATUS,DURATION,READ_DATE,PREV_READ_DATE,SEQ) values ('ABE1 3606 0000 0000 0000 0000','EC','1',1489402974358,'WASHROOM',1489402974358,'WASHROOM','Exit',0,to_date('31-MAY-17','DD-MON-RR'),to_date('31-MAY-17','DD-MON-RR'),190);
Insert into BIA.AT_EVENT_TBL (UUID,READER,ANTENNA,READ_TIME,LOC_ID,PREV_READ_TIME,PREV_LOC_ID,STATUS,DURATION,READ_DATE,PREV_READ_DATE,SEQ) values ('E200 4000 8409 0060 0970 0618','EC','1',1489402974696,'WASHROOM',1489397358975,'WASHROOM','Entry',93.6,to_date('31-MAY-17','DD-MON-RR'),to_date('31-MAY-17','DD-MON-RR'),191);
Insert into BIA.AT_EVENT_TBL (UUID,READER,ANTENNA,READ_TIME,LOC_ID,PREV_READ_TIME,PREV_LOC_ID,STATUS,DURATION,READ_DATE,PREV_READ_DATE,SEQ) values ('E200 4000 8409 0060 0970 0618','EC','2',1489403034715,'WASHROOM',1489402974696,'WASHROOM','Exit',1,to_date('31-MAY-17','DD-MON-RR'),to_date('31-MAY-17','DD-MON-RR'),193);
Insert into BIA.AT_EVENT_TBL (UUID,READER,ANTENNA,READ_TIME,LOC_ID,PREV_READ_TIME,PREV_LOC_ID,STATUS,DURATION,READ_DATE,PREV_READ_DATE,SEQ) values ('E200 4000 8409 0060 0970 0618','EC','1',1489403094717,'WASHROOM',1489403034715,'WASHROOM','Entry',1,to_date('31-MAY-17','DD-MON-RR'),to_date('31-MAY-17','DD-MON-RR'),194);
Insert into BIA.AT_EVENT_TBL (UUID,READER,ANTENNA,READ_TIME,LOC_ID,PREV_READ_TIME,PREV_LOC_ID,STATUS,DURATION,READ_DATE,PREV_READ_DATE,SEQ) values ('E200 4000 8409 0060 0970 0627','EC','1',1489403167584,'WASHROOM',1489388639634,'WASHROOM','Entry',242.1,to_date('31-MAY-17','DD-MON-RR'),to_date('31-MAY-17','DD-MON-RR'),195);
Insert into BIA.AT_EVENT_TBL (UUID,READER,ANTENNA,READ_TIME,LOC_ID,PREV_READ_TIME,PREV_LOC_ID,STATUS,DURATION,READ_DATE,PREV_READ_DATE,SEQ) values ('E200 4000 8409 0060 0970 0618','EC','2',1489403243979,'WASHROOM',1489403094717,'WASHROOM','Exit',2.5,to_date('31-MAY-17','DD-MON-RR'),to_date('31-MAY-17','DD-MON-RR'),196);
Insert into BIA.AT_EVENT_TBL (UUID,READER,ANTENNA,READ_TIME,LOC_ID,PREV_READ_TIME,PREV_LOC_ID,STATUS,DURATION,READ_DATE,PREV_READ_DATE,SEQ) values ('ABE1 3606 0000 0000 0000 0000','EC','2',1489403256974,'WASHROOM',1489403256974,'WASHROOM','Exit',0,to_date('31-MAY-17','DD-MON-RR'),to_date('31-MAY-17','DD-MON-RR'),197);
Insert into BIA.AT_EVENT_TBL (UUID,READER,ANTENNA,READ_TIME,LOC_ID,PREV_READ_TIME,PREV_LOC_ID,STATUS,DURATION,READ_DATE,PREV_READ_DATE,SEQ) values ('E200 4000 8409 0060 0970 0627','EC','2',1489403292108,'WASHROOM',1489403167584,'WASHROOM','Exit',2.1,to_date('31-MAY-17','DD-MON-RR'),to_date('31-MAY-17','DD-MON-RR'),198);
Insert into BIA.AT_EVENT_TBL (UUID,READER,ANTENNA,READ_TIME,LOC_ID,PREV_READ_TIME,PREV_LOC_ID,STATUS,DURATION,READ_DATE,PREV_READ_DATE,SEQ) values ('E200 4000 8409 0060 0970 0627','EC','1',1489403352140,'WASHROOM',1489403292108,'WASHROOM','Entry',1,to_date('31-MAY-17','DD-MON-RR'),to_date('31-MAY-17','DD-MON-RR'),199);
Insert into BIA.AT_EVENT_TBL (UUID,READER,ANTENNA,READ_TIME,LOC_ID,PREV_READ_TIME,PREV_LOC_ID,STATUS,DURATION,READ_DATE,PREV_READ_DATE,SEQ) values ('E200 4000 8409 0060 0970 0627','EC','2',1489403412175,'WASHROOM',1489403352140,'WASHROOM','Exit',1,to_date('31-MAY-17','DD-MON-RR'),to_date('31-MAY-17','DD-MON-RR'),200);
Insert into BIA.AT_EVENT_TBL (UUID,READER,ANTENNA,READ_TIME,LOC_ID,PREV_READ_TIME,PREV_LOC_ID,STATUS,DURATION,READ_DATE,PREV_READ_DATE,SEQ) values ('E200 4000 8409 0060 0970 0627','EC','1',1489403472215,'WASHROOM',1489403412175,'WASHROOM','Entry',1,to_date('31-MAY-17','DD-MON-RR'),to_date('31-MAY-17','DD-MON-RR'),201);
Insert into BIA.AT_EVENT_TBL (UUID,READER,ANTENNA,READ_TIME,LOC_ID,PREV_READ_TIME,PREV_LOC_ID,STATUS,DURATION,READ_DATE,PREV_READ_DATE,SEQ) values ('E200 4000 8409 0060 0970 0627','EC','1',1489403518530,'WASHROOM',1489403472215,'WASHROOM','Exit',0.8,to_date('31-MAY-17','DD-MON-RR'),to_date('31-MAY-17','DD-MON-RR'),202);
Insert into BIA.AT_EVENT_TBL (UUID,READER,ANTENNA,READ_TIME,LOC_ID,PREV_READ_TIME,PREV_LOC_ID,STATUS,DURATION,READ_DATE,PREV_READ_DATE,SEQ) values ('E200 4000 8409 0060 0970 0627','EC','1',1489403578561,'WASHROOM',1489403518530,'WASHROOM','Entry',1,to_date('31-MAY-17','DD-MON-RR'),to_date('31-MAY-17','DD-MON-RR'),203);
Insert into BIA.AT_EVENT_TBL (UUID,READER,ANTENNA,READ_TIME,LOC_ID,PREV_READ_TIME,PREV_LOC_ID,STATUS,DURATION,READ_DATE,PREV_READ_DATE,SEQ) values ('E200 4000 8409 0060 0970 0627','EC','2',1489403717694,'WASHROOM',1489403578561,'WASHROOM','Exit',2.3,to_date('31-MAY-17','DD-MON-RR'),to_date('31-MAY-17','DD-MON-RR'),204);
Insert into BIA.AT_EVENT_TBL (UUID,READER,ANTENNA,READ_TIME,LOC_ID,PREV_READ_TIME,PREV_LOC_ID,STATUS,DURATION,READ_DATE,PREV_READ_DATE,SEQ) values ('E200 4000 8409 0060 0970 0627','EC','1',1489403745514,'WASHROOM',1489403717694,'WASHROOM','Entry',0.5,to_date('31-MAY-17','DD-MON-RR'),to_date('31-MAY-17','DD-MON-RR'),205);
Insert into BIA.AT_EVENT_TBL (UUID,READER,ANTENNA,READ_TIME,LOC_ID,PREV_READ_TIME,PREV_LOC_ID,STATUS,DURATION,READ_DATE,PREV_READ_DATE,SEQ) values ('E200 4000 8409 0060 0970 0627','EC','1',1489403791219,'WASHROOM',1489403745514,'WASHROOM','Exit',0.8,to_date('31-MAY-17','DD-MON-RR'),to_date('31-MAY-17','DD-MON-RR'),206);
Insert into BIA.AT_EVENT_TBL (UUID,READER,ANTENNA,READ_TIME,LOC_ID,PREV_READ_TIME,PREV_LOC_ID,STATUS,DURATION,READ_DATE,PREV_READ_DATE,SEQ) values ('E200 4000 8409 0060 0970 0627','EC','1',1489403801283,'WASHROOM',1489403796246,'WASHROOM','Exit',0.1,to_date('31-MAY-17','DD-MON-RR'),to_date('31-MAY-17','DD-MON-RR'),208);
Insert into BIA.AT_EVENT_TBL (UUID,READER,ANTENNA,READ_TIME,LOC_ID,PREV_READ_TIME,PREV_LOC_ID,STATUS,DURATION,READ_DATE,PREV_READ_DATE,SEQ) values ('E200 4000 8409 0060 0970 0627','EC','2',1489403806363,'WASHROOM',1489403801283,'WASHROOM','Entry',0.1,to_date('31-MAY-17','DD-MON-RR'),to_date('31-MAY-17','DD-MON-RR'),209);
Insert into BIA.AT_EVENT_TBL (UUID,READER,ANTENNA,READ_TIME,LOC_ID,PREV_READ_TIME,PREV_LOC_ID,STATUS,DURATION,READ_DATE,PREV_READ_DATE,SEQ) values ('E200 4000 8409 0060 0970 0627','EC','2',1489403811450,'WASHROOM',1489403806363,'WASHROOM','Exit',0.1,to_date('31-MAY-17','DD-MON-RR'),to_date('31-MAY-17','DD-MON-RR'),210);
Insert into BIA.AT_EVENT_TBL (UUID,READER,ANTENNA,READ_TIME,LOC_ID,PREV_READ_TIME,PREV_LOC_ID,STATUS,DURATION,READ_DATE,PREV_READ_DATE,SEQ) values ('E200 4000 8409 0060 0970 0627','EC','1',1489403837186,'WASHROOM',1489403811450,'WASHROOM','Entry',0.4,to_date('31-MAY-17','DD-MON-RR'),to_date('31-MAY-17','DD-MON-RR'),211);
Insert into BIA.AT_EVENT_TBL (UUID,READER,ANTENNA,READ_TIME,LOC_ID,PREV_READ_TIME,PREV_LOC_ID,STATUS,DURATION,READ_DATE,PREV_READ_DATE,SEQ) values ('ABE1 3606 0000 0000 0000 0000','EC','1',1489403837275,'WASHROOM',1489403837275,'WASHROOM','Exit',0,to_date('31-MAY-17','DD-MON-RR'),to_date('31-MAY-17','DD-MON-RR'),212);
Insert into BIA.AT_EVENT_TBL (UUID,READER,ANTENNA,READ_TIME,LOC_ID,PREV_READ_TIME,PREV_LOC_ID,STATUS,DURATION,READ_DATE,PREV_READ_DATE,SEQ) values ('E200 4000 8409 0060 0970 0627','EC','1',1489403842202,'WASHROOM',1489403837186,'WASHROOM','Exit',0.1,to_date('31-MAY-17','DD-MON-RR'),to_date('31-MAY-17','DD-MON-RR'),213);
Insert into BIA.AT_EVENT_TBL (UUID,READER,ANTENNA,READ_TIME,LOC_ID,PREV_READ_TIME,PREV_LOC_ID,STATUS,DURATION,READ_DATE,PREV_READ_DATE,SEQ) values ('E200 4000 8409 0060 0970 0627','KOR','1',1489403858982,'INVENTORY',1489403842202,'INVENTORY','Entry',0.3,to_date('31-MAY-17','DD-MON-RR'),to_date('31-MAY-17','DD-MON-RR'),214);
Insert into BIA.AT_EVENT_TBL (UUID,READER,ANTENNA,READ_TIME,LOC_ID,PREV_READ_TIME,PREV_LOC_ID,STATUS,DURATION,READ_DATE,PREV_READ_DATE,SEQ) values ('E200 4000 8409 0060 0970 0627','KOR','1',1489403905284,'INVENTORY',1489403858982,'INVENTORY','Exit',0.8,to_date('31-MAY-17','DD-MON-RR'),to_date('31-MAY-17','DD-MON-RR'),215);
Insert into BIA.AT_EVENT_TBL (UUID,READER,ANTENNA,READ_TIME,LOC_ID,PREV_READ_TIME,PREV_LOC_ID,STATUS,DURATION,READ_DATE,PREV_READ_DATE,SEQ) values ('ABE1 3606 0000 0000 0000 0000','KOR','1',1489403905550,'INVENTORY',1489403905550,'INVENTORY','Exit',0,to_date('31-MAY-17','DD-MON-RR'),to_date('31-MAY-17','DD-MON-RR'),216);
Insert into BIA.AT_EVENT_TBL (UUID,READER,ANTENNA,READ_TIME,LOC_ID,PREV_READ_TIME,PREV_LOC_ID,STATUS,DURATION,READ_DATE,PREV_READ_DATE,SEQ) values ('E200 4000 8409 0060 0970 0627','EC','2',1489403913707,'WASHROOM',1489403905284,'WASHROOM','Entry',0.1,to_date('31-MAY-17','DD-MON-RR'),to_date('31-MAY-17','DD-MON-RR'),217);
Insert into BIA.AT_EVENT_TBL (UUID,READER,ANTENNA,READ_TIME,LOC_ID,PREV_READ_TIME,PREV_LOC_ID,STATUS,DURATION,READ_DATE,PREV_READ_DATE,SEQ) values ('E200 4000 8409 0060 0970 0627','EC','2',1489403925595,'WASHROOM',1489403913707,'WASHROOM','Exit',0.2,to_date('31-MAY-17','DD-MON-RR'),to_date('31-MAY-17','DD-MON-RR'),218);
Insert into BIA.AT_EVENT_TBL (UUID,READER,ANTENNA,READ_TIME,LOC_ID,PREV_READ_TIME,PREV_LOC_ID,STATUS,DURATION,READ_DATE,PREV_READ_DATE,SEQ) values ('E200 4000 8409 0060 0970 0618','KOR','1',1490588253466,'TAXIWAY',1490587657377,'TAXIWAY','Entry',0.1,to_date('31-MAY-17','DD-MON-RR'),to_date('31-MAY-17','DD-MON-RR'),219);
Insert into BIA.AT_EVENT_TBL (UUID,READER,ANTENNA,READ_TIME,LOC_ID,PREV_READ_TIME,PREV_LOC_ID,STATUS,DURATION,READ_DATE,PREV_READ_DATE,SEQ) values ('ABE1 3606 0000 0000 0000 0000','KOR','1',1489403933970,'TAXIWAY',1489403933970,'TAXIWAY','Exit',0,to_date('31-MAY-17','DD-MON-RR'),to_date('31-MAY-17','DD-MON-RR'),220);
Insert into BIA.AT_EVENT_TBL (UUID,READER,ANTENNA,READ_TIME,LOC_ID,PREV_READ_TIME,PREV_LOC_ID,STATUS,DURATION,READ_DATE,PREV_READ_DATE,SEQ) values ('ABE1 3606 0000 0000 0000 0000','KOR','1',1489403944417,'TAXIWAY',1489403944417,'TAXIWAY','Exit',0,to_date('31-MAY-17','DD-MON-RR'),to_date('31-MAY-17','DD-MON-RR'),221);
Insert into BIA.AT_EVENT_TBL (UUID,READER,ANTENNA,READ_TIME,LOC_ID,PREV_READ_TIME,PREV_LOC_ID,STATUS,DURATION,READ_DATE,PREV_READ_DATE,SEQ) values ('ABE1 3606 0000 0000 0000 0000 ','KOR','1',1489383234661,'TAXIWAY',1489403933262,'TAXIWAY','Entry',-345,to_date('31-MAY-17','DD-MON-RR'),to_date('31-MAY-17','DD-MON-RR'),58);
Insert into BIA.AT_EVENT_TBL (UUID,READER,ANTENNA,READ_TIME,LOC_ID,PREV_READ_TIME,PREV_LOC_ID,STATUS,DURATION,READ_DATE,PREV_READ_DATE,SEQ) values ('E200 4000 8409 0060 0970 0627','KOR','1',1490588253466,'TAXIWAY',1490587657377,'TAXIWAY','Entry',0,to_date('31-MAY-17','DD-MON-RR'),to_date('31-MAY-17','DD-MON-RR'),58);
Insert into BIA.AT_EVENT_TBL (UUID,READER,ANTENNA,READ_TIME,LOC_ID,PREV_READ_TIME,PREV_LOC_ID,STATUS,DURATION,READ_DATE,PREV_READ_DATE,SEQ) values ('E200 4000 8409 0060 0970 0618','KOR','1',1489404101971,'TAXIWAY',1489403243979,'TAXIWAY','Entry',14.3,to_date('31-MAY-17','DD-MON-RR'),to_date('31-MAY-17','DD-MON-RR'),222);
Insert into BIA.AT_EVENT_TBL (UUID,READER,ANTENNA,READ_TIME,LOC_ID,PREV_READ_TIME,PREV_LOC_ID,STATUS,DURATION,READ_DATE,PREV_READ_DATE,SEQ) values ('E200 4000 8409 0060 0970 0627','KOR','1',1489404104994,'TAXIWAY',1489383234661,'TAXIWAY','Exit',347.8,to_date('31-MAY-17','DD-MON-RR'),to_date('31-MAY-17','DD-MON-RR'),223);
Insert into BIA.AT_EVENT_TBL (UUID,READER,ANTENNA,READ_TIME,LOC_ID,PREV_READ_TIME,PREV_LOC_ID,STATUS,DURATION,READ_DATE,PREV_READ_DATE,SEQ) values ('ABE1 3606 0000 0000 0000 0000','KOR','1',1489404107360,'TAXIWAY',1489404107360,'TAXIWAY','Exit',0,to_date('31-MAY-17','DD-MON-RR'),to_date('31-MAY-17','DD-MON-RR'),224);
Insert into BIA.AT_EVENT_TBL (UUID,READER,ANTENNA,READ_TIME,LOC_ID,PREV_READ_TIME,PREV_LOC_ID,STATUS,DURATION,READ_DATE,PREV_READ_DATE,SEQ) values ('E200 4000 8409 0060 0970 0627','EC','2',1489404120599,'WASHROOM',1489404104994,'WASHROOM','Entry',0.3,to_date('31-MAY-17','DD-MON-RR'),to_date('31-MAY-17','DD-MON-RR'),225);
Insert into BIA.AT_EVENT_TBL (UUID,READER,ANTENNA,READ_TIME,LOC_ID,PREV_READ_TIME,PREV_LOC_ID,STATUS,DURATION,READ_DATE,PREV_READ_DATE,SEQ) values ('E200 4000 8409 0060 0970 0627','KOR','1',1489404128569,'TAXIWAY',1489404120599,'TAXIWAY','Entry',0.1,to_date('31-MAY-17','DD-MON-RR'),to_date('31-MAY-17','DD-MON-RR'),226);
Insert into BIA.AT_EVENT_TBL (UUID,READER,ANTENNA,READ_TIME,LOC_ID,PREV_READ_TIME,PREV_LOC_ID,STATUS,DURATION,READ_DATE,PREV_READ_DATE,SEQ) values ('ABE1 3606 0000 0000 0000 0000','KOR','1',1489404141427,'TAXIWAY',1489404141427,'TAXIWAY','Exit',0,to_date('31-MAY-17','DD-MON-RR'),to_date('31-MAY-17','DD-MON-RR'),227);
Insert into BIA.AT_EVENT_TBL (UUID,READER,ANTENNA,READ_TIME,LOC_ID,PREV_READ_TIME,PREV_LOC_ID,STATUS,DURATION,READ_DATE,PREV_READ_DATE,SEQ) values ('E200 4000 8409 0060 0970 0627','KOR','1',1489404148753,'TAXIWAY',1489404128569,'TAXIWAY','Exit',0.3,to_date('31-MAY-17','DD-MON-RR'),to_date('31-MAY-17','DD-MON-RR'),228);
Insert into BIA.AT_EVENT_TBL (UUID,READER,ANTENNA,READ_TIME,LOC_ID,PREV_READ_TIME,PREV_LOC_ID,STATUS,DURATION,READ_DATE,PREV_READ_DATE,SEQ) values ('E200 4000 8409 0060 0970 0627','EC','2',1489404155650,'WASHROOM',1489404148753,'WASHROOM','Entry',0.1,to_date('31-MAY-17','DD-MON-RR'),to_date('31-MAY-17','DD-MON-RR'),229);
Insert into BIA.AT_EVENT_TBL (UUID,READER,ANTENNA,READ_TIME,LOC_ID,PREV_READ_TIME,PREV_LOC_ID,STATUS,DURATION,READ_DATE,PREV_READ_DATE,SEQ) values ('E200 4000 8409 0060 0970 0627','EC','2',1489404165844,'WASHROOM',1489404155650,'WASHROOM','Exit',0.2,to_date('31-MAY-17','DD-MON-RR'),to_date('31-MAY-17','DD-MON-RR'),230);
Insert into BIA.AT_EVENT_TBL (UUID,READER,ANTENNA,READ_TIME,LOC_ID,PREV_READ_TIME,PREV_LOC_ID,STATUS,DURATION,READ_DATE,PREV_READ_DATE,SEQ) values ('E200 4000 8409 0060 0970 0627','KOR','1',1489404174324,'TAXIWAY',1489404165844,'TAXIWAY','Entry',0.1,to_date('31-MAY-17','DD-MON-RR'),to_date('31-MAY-17','DD-MON-RR'),231);
Insert into BIA.AT_EVENT_TBL (UUID,READER,ANTENNA,READ_TIME,LOC_ID,PREV_READ_TIME,PREV_LOC_ID,STATUS,DURATION,READ_DATE,PREV_READ_DATE,SEQ) values ('E200 4000 8409 0060 0970 0627','KOR','1',1489404183122,'TAXIWAY',1489404174324,'TAXIWAY','Exit',0.1,to_date('31-MAY-17','DD-MON-RR'),to_date('31-MAY-17','DD-MON-RR'),232);
Insert into BIA.AT_EVENT_TBL (UUID,READER,ANTENNA,READ_TIME,LOC_ID,PREV_READ_TIME,PREV_LOC_ID,STATUS,DURATION,READ_DATE,PREV_READ_DATE,SEQ) values ('E200 4000 8409 0060 0970 0627','EC','2',1489404191825,'WASHROOM',1489404183122,'WASHROOM','Entry',0.1,to_date('31-MAY-17','DD-MON-RR'),to_date('31-MAY-17','DD-MON-RR'),233);
Insert into BIA.AT_EVENT_TBL (UUID,READER,ANTENNA,READ_TIME,LOC_ID,PREV_READ_TIME,PREV_LOC_ID,STATUS,DURATION,READ_DATE,PREV_READ_DATE,SEQ) values ('E200 4000 8409 0060 0970 0627','EC','2',1489404200586,'WASHROOM',1489404191825,'WASHROOM','Exit',0.1,to_date('31-MAY-17','DD-MON-RR'),to_date('31-MAY-17','DD-MON-RR'),234);
Insert into BIA.AT_EVENT_TBL (UUID,READER,ANTENNA,READ_TIME,LOC_ID,PREV_READ_TIME,PREV_LOC_ID,STATUS,DURATION,READ_DATE,PREV_READ_DATE,SEQ) values ('E200 4000 8409 0060 0970 0627','KOR','1',1489404207731,'TAXIWAY',1489404200586,'TAXIWAY','Entry',0.1,to_date('31-MAY-17','DD-MON-RR'),to_date('31-MAY-17','DD-MON-RR'),235);
Insert into BIA.AT_EVENT_TBL (UUID,READER,ANTENNA,READ_TIME,LOC_ID,PREV_READ_TIME,PREV_LOC_ID,STATUS,DURATION,READ_DATE,PREV_READ_DATE,SEQ) values ('ABE1 3606 0000 0000 0000 0000','KOR','1',1489404219070,'TAXIWAY',1489404219070,'TAXIWAY','Exit',0,to_date('31-MAY-17','DD-MON-RR'),to_date('31-MAY-17','DD-MON-RR'),236);
Insert into BIA.AT_EVENT_TBL (UUID,READER,ANTENNA,READ_TIME,LOC_ID,PREV_READ_TIME,PREV_LOC_ID,STATUS,DURATION,READ_DATE,PREV_READ_DATE,SEQ) values ('E200 4000 8409 0060 0970 0618','KOR','1',1489404221005,'TAXIWAY',1489404101971,'TAXIWAY','Exit',2,to_date('31-MAY-17','DD-MON-RR'),to_date('31-MAY-17','DD-MON-RR'),237);
Insert into BIA.AT_EVENT_TBL (UUID,READER,ANTENNA,READ_TIME,LOC_ID,PREV_READ_TIME,PREV_LOC_ID,STATUS,DURATION,READ_DATE,PREV_READ_DATE,SEQ) values ('E200 4000 8409 0060 0970 0618','EC','2',1489404228472,'WASHROOM',1489404221005,'WASHROOM','Entry',0.1,to_date('31-MAY-17','DD-MON-RR'),to_date('31-MAY-17','DD-MON-RR'),238);
Insert into BIA.AT_EVENT_TBL (UUID,READER,ANTENNA,READ_TIME,LOC_ID,PREV_READ_TIME,PREV_LOC_ID,STATUS,DURATION,READ_DATE,PREV_READ_DATE,SEQ) values ('E200 4000 8409 0060 0970 0618','EC','2',1489404238211,'WASHROOM',1489404228472,'WASHROOM','Exit',0.2,to_date('31-MAY-17','DD-MON-RR'),to_date('31-MAY-17','DD-MON-RR'),239);
Insert into BIA.AT_EVENT_TBL (UUID,READER,ANTENNA,READ_TIME,LOC_ID,PREV_READ_TIME,PREV_LOC_ID,STATUS,DURATION,READ_DATE,PREV_READ_DATE,SEQ) values ('E200 4000 8409 0060 0970 0618','KOR','1',1489404246447,'TAXIWAY',1489404238211,'TAXIWAY','Entry',0.1,to_date('31-MAY-17','DD-MON-RR'),to_date('31-MAY-17','DD-MON-RR'),240);
Insert into BIA.AT_EVENT_TBL (UUID,READER,ANTENNA,READ_TIME,LOC_ID,PREV_READ_TIME,PREV_LOC_ID,STATUS,DURATION,READ_DATE,PREV_READ_DATE,SEQ) values ('ABE1 3606 0000 0000 0000 0000','KOR','1',1489404265181,'TAXIWAY',1489404265181,'TAXIWAY','Exit',0,to_date('31-MAY-17','DD-MON-RR'),to_date('31-MAY-17','DD-MON-RR'),241);
Insert into BIA.AT_EVENT_TBL (UUID,READER,ANTENNA,READ_TIME,LOC_ID,PREV_READ_TIME,PREV_LOC_ID,STATUS,DURATION,READ_DATE,PREV_READ_DATE,SEQ) values ('ABE1 3606 0000 0000 0000 0000','KOR','1',1489404273772,'TAXIWAY',1489404273772,'TAXIWAY','Exit',0,to_date('31-MAY-17','DD-MON-RR'),to_date('31-MAY-17','DD-MON-RR'),242);
Insert into BIA.AT_EVENT_TBL (UUID,READER,ANTENNA,READ_TIME,LOC_ID,PREV_READ_TIME,PREV_LOC_ID,STATUS,DURATION,READ_DATE,PREV_READ_DATE,SEQ) values ('ABE1 3606 0000 0000 0000 0000','KOR','1',1489404281700,'TAXIWAY',1489404281700,'TAXIWAY','Exit',0,to_date('31-MAY-17','DD-MON-RR'),to_date('31-MAY-17','DD-MON-RR'),243);
Insert into BIA.AT_EVENT_TBL (UUID,READER,ANTENNA,READ_TIME,LOC_ID,PREV_READ_TIME,PREV_LOC_ID,STATUS,DURATION,READ_DATE,PREV_READ_DATE,SEQ) values ('ABE1 3606 0000 0000 0000 0000','KOR','1',1489404286719,'TAXIWAY',1489404286719,'KOR','Exit',0,to_date('31-MAY-17','DD-MON-RR'),to_date('31-MAY-17','DD-MON-RR'),244);
Insert into BIA.AT_EVENT_TBL (UUID,READER,ANTENNA,READ_TIME,LOC_ID,PREV_READ_TIME,PREV_LOC_ID,STATUS,DURATION,READ_DATE,PREV_READ_DATE,SEQ) values ('ABE1 3606 0000 0000 0000 0000','KOR','1',1490588253466,'TAXIWAY',1490587657377,'KOR','Exit',0,to_date('31-MAY-17','DD-MON-RR'),to_date('31-MAY-17','DD-MON-RR'),245);
Insert into BIA.AT_EVENT_TBL (UUID,READER,ANTENNA,READ_TIME,LOC_ID,PREV_READ_TIME,PREV_LOC_ID,STATUS,DURATION,READ_DATE,PREV_READ_DATE,SEQ) values ('E200 4000 8409 0060 0970 0618','KOR','1',1490588253466,'TAXIWAY',1490587657377,'KOR','Exit',1009.5,to_date('31-MAY-17','DD-MON-RR'),to_date('31-MAY-17','DD-MON-RR'),246);
Insert into BIA.AT_EVENT_TBL (UUID,READER,ANTENNA,READ_TIME,LOC_ID,PREV_READ_TIME,PREV_LOC_ID,STATUS,DURATION,READ_DATE,PREV_READ_DATE,SEQ) values ('E200 4000 8409 0060 0970 0618','EC','2',1489464840502,'WASHROOM',1489464816564,'KOR','Entry',0.4,to_date('31-MAY-17','DD-MON-RR'),to_date('31-MAY-17','DD-MON-RR'),247);
Insert into BIA.AT_EVENT_TBL (UUID,READER,ANTENNA,READ_TIME,LOC_ID,PREV_READ_TIME,PREV_LOC_ID,STATUS,DURATION,READ_DATE,PREV_READ_DATE,SEQ) values ('E200 4000 8409 0060 0970 0618','EC','2',1489464892184,'WASHROOM',1489464840502,'EC','Exit',0.9,to_date('31-MAY-17','DD-MON-RR'),to_date('31-MAY-17','DD-MON-RR'),248);
Insert into BIA.AT_EVENT_TBL (UUID,READER,ANTENNA,READ_TIME,LOC_ID,PREV_READ_TIME,PREV_LOC_ID,STATUS,DURATION,READ_DATE,PREV_READ_DATE,SEQ) values ('E200 4000 8409 0060 0970 0618','KOR','1',1489464911683,'TAXIWAY',1489464892184,'EC','Entry',0.3,to_date('31-MAY-17','DD-MON-RR'),to_date('31-MAY-17','DD-MON-RR'),249);
Insert into BIA.AT_EVENT_TBL (UUID,READER,ANTENNA,READ_TIME,LOC_ID,PREV_READ_TIME,PREV_LOC_ID,STATUS,DURATION,READ_DATE,PREV_READ_DATE,SEQ) values ('ABE1 3606 0000 0000 0000 0000','EC','1',1489403034400,'WASHROOM',1489403034400,'WASHROOM','Exit',0,to_date('31-MAY-17','DD-MON-RR'),to_date('31-MAY-17','DD-MON-RR'),192);
Insert into BIA.AT_EVENT_TBL (UUID,READER,ANTENNA,READ_TIME,LOC_ID,PREV_READ_TIME,PREV_LOC_ID,STATUS,DURATION,READ_DATE,PREV_READ_DATE,SEQ) values ('E200 4000 8409 0060 0970 0627','EC','1',1489403796246,'WASHROOM',1489403791219,'WASHROOM','Entry',0.1,to_date('31-MAY-17','DD-MON-RR'),to_date('31-MAY-17','DD-MON-RR'),207);
REM INSERTING into BIA.ITEM_TBL
SET DEFINE OFF;
Insert into BIA.ITEM_TBL (ITEM_ID,ITEM_NAME,ITEM_CATEGORY,ITEM_TYPE,BASE_LOC_ID,LOC_ID,STATUS,READ_TIME,READ_DATE) values ('1','LAPTOP','Electronics','Computers and accesories','INVENTORY','INVENTORY','Location',1490332137879,to_date('13-MAR-17','DD-MON-RR'));
Insert into BIA.ITEM_TBL (ITEM_ID,ITEM_NAME,ITEM_CATEGORY,ITEM_TYPE,BASE_LOC_ID,LOC_ID,STATUS,READ_TIME,READ_DATE) values ('2','WHEEL CHAIR','Electronics','Mobiles','INVENTORY','CONVEYERBELT','Location',1490332137879,to_date('13-MAR-17','DD-MON-RR'));
Insert into BIA.ITEM_TBL (ITEM_ID,ITEM_NAME,ITEM_CATEGORY,ITEM_TYPE,BASE_LOC_ID,LOC_ID,STATUS,READ_TIME,READ_DATE) values ('3','LAPTOP','Electronics','Computers and accesories','INVENTORY','INVENTORY','Inventory',1490333707301,to_date('13-MAR-17','DD-MON-RR'));
Insert into BIA.ITEM_TBL (ITEM_ID,ITEM_NAME,ITEM_CATEGORY,ITEM_TYPE,BASE_LOC_ID,LOC_ID,STATUS,READ_TIME,READ_DATE) values ('4','WHEEL CHAIR','Electronics','Computers and accesories','INVENTORY','EXITGATE','Inventory',1489729909842,to_date('13-MAR-17','DD-MON-RR'));
Insert into BIA.ITEM_TBL (ITEM_ID,ITEM_NAME,ITEM_CATEGORY,ITEM_TYPE,BASE_LOC_ID,LOC_ID,STATUS,READ_TIME,READ_DATE) values ('5','METAL DETECTOR','Electronics','Computers and accesories','INVENTORY','CONVEYERBELT','Inventory',1489385578321,to_date('13-MAR-17','DD-MON-RR'));
Insert into BIA.ITEM_TBL (ITEM_ID,ITEM_NAME,ITEM_CATEGORY,ITEM_TYPE,BASE_LOC_ID,LOC_ID,STATUS,READ_TIME,READ_DATE) values ('6','WHEEL CHAIR','Electronics','Computers and accesories','INVENTORY','WASHROOM','Inventory',1489729909842,to_date('13-MAR-17','DD-MON-RR'));
Insert into BIA.ITEM_TBL (ITEM_ID,ITEM_NAME,ITEM_CATEGORY,ITEM_TYPE,BASE_LOC_ID,LOC_ID,STATUS,READ_TIME,READ_DATE) values ('7','WHEEL CHAIR','Electronics','Computers and accesories','INVENTORY','SECURITY','Transit',1490331027301,to_date('13-MAR-17','DD-MON-RR'));
Insert into BIA.ITEM_TBL (ITEM_ID,ITEM_NAME,ITEM_CATEGORY,ITEM_TYPE,BASE_LOC_ID,LOC_ID,STATUS,READ_TIME,READ_DATE) values ('8','LAPTOP','Electronics','Computers and accesories','INVENTORY','LOUNGE','Inventory',1489404207731,to_date('13-MAR-17','DD-MON-RR'));
Insert into BIA.ITEM_TBL (ITEM_ID,ITEM_NAME,ITEM_CATEGORY,ITEM_TYPE,BASE_LOC_ID,LOC_ID,STATUS,READ_TIME,READ_DATE) values ('9','SCANNER','Electronics','Computers and accesories','LOUNGE','LOUNGE','Inventory',1489384244252,to_date('13-MAR-17','DD-MON-RR'));
Insert into BIA.ITEM_TBL (ITEM_ID,ITEM_NAME,ITEM_CATEGORY,ITEM_TYPE,BASE_LOC_ID,LOC_ID,STATUS,READ_TIME,READ_DATE) values ('10','METAL DETECTOR','Electronics','Computers and accesories','INVENTORY','TAXIWAY','Location',1490331394357,to_date('13-MAR-17','DD-MON-RR'));
Insert into BIA.ITEM_TBL (ITEM_ID,ITEM_NAME,ITEM_CATEGORY,ITEM_TYPE,BASE_LOC_ID,LOC_ID,STATUS,READ_TIME,READ_DATE) values ('11','LAPTOP','Electronics','Computers and accesories','INVENTORY','EXITGATE','Location',1490331394357,to_date('13-MAR-17','DD-MON-RR'));
Insert into BIA.ITEM_TBL (ITEM_ID,ITEM_NAME,ITEM_CATEGORY,ITEM_TYPE,BASE_LOC_ID,LOC_ID,STATUS,READ_TIME,READ_DATE) values ('12','WHEEL CHAIR','Electronics','Computers and accesories','INVENTORY','CONVEYERBELT','Location',1490331394357,to_date('13-MAR-17','DD-MON-RR'));
Insert into BIA.ITEM_TBL (ITEM_ID,ITEM_NAME,ITEM_CATEGORY,ITEM_TYPE,BASE_LOC_ID,LOC_ID,STATUS,READ_TIME,READ_DATE) values ('13','METAL DETECTOR','Electronics','Computers and accesories','INVENTORY','WASHROOM','Location',1490331394357,to_date('13-MAR-17','DD-MON-RR'));
Insert into BIA.ITEM_TBL (ITEM_ID,ITEM_NAME,ITEM_CATEGORY,ITEM_TYPE,BASE_LOC_ID,LOC_ID,STATUS,READ_TIME,READ_DATE) values ('14','TROLLEY','Electronics','Computers and accesories','INVENTORY','SECURITY','Location',1489726706348,to_date('13-MAR-17','DD-MON-RR'));
Insert into BIA.ITEM_TBL (ITEM_ID,ITEM_NAME,ITEM_CATEGORY,ITEM_TYPE,BASE_LOC_ID,LOC_ID,STATUS,READ_TIME,READ_DATE) values ('15','LAPTOP','Electronics','Computers and accesories','INVENTORY','LOUNGE','Location',1490268210294,to_date('14-MAR-17','DD-MON-RR'));
Insert into BIA.ITEM_TBL (ITEM_ID,ITEM_NAME,ITEM_CATEGORY,ITEM_TYPE,BASE_LOC_ID,LOC_ID,STATUS,READ_TIME,READ_DATE) values ('16','METAL DETECTOR','Electronics1','Computers and accesories','INVENTORY','EXITGATE','Location',1490268210294,to_date('13-MAR-17','DD-MON-RR'));
Insert into BIA.ITEM_TBL (ITEM_ID,ITEM_NAME,ITEM_CATEGORY,ITEM_TYPE,BASE_LOC_ID,LOC_ID,STATUS,READ_TIME,READ_DATE) values ('17','METAL DETECTOR','Electronics','Computers and accesories','INVENTORY','EXITGATE','Location',1490268210294,to_date('13-MAR-17','DD-MON-RR'));
Insert into BIA.ITEM_TBL (ITEM_ID,ITEM_NAME,ITEM_CATEGORY,ITEM_TYPE,BASE_LOC_ID,LOC_ID,STATUS,READ_TIME,READ_DATE) values ('18','WHEEL CHAIR','Electronics','Computers and accesories','INVENTORY','INVENTORY','Inventory',1489729909842,to_date('13-MAR-17','DD-MON-RR'));
Insert into BIA.ITEM_TBL (ITEM_ID,ITEM_NAME,ITEM_CATEGORY,ITEM_TYPE,BASE_LOC_ID,LOC_ID,STATUS,READ_TIME,READ_DATE) values ('19','WHEEL CHAIR','Electronics','Computers and accesories','INVENTORY','EXITGATE','Location',1489729909842,to_date('13-MAR-17','DD-MON-RR'));
Insert into BIA.ITEM_TBL (ITEM_ID,ITEM_NAME,ITEM_CATEGORY,ITEM_TYPE,BASE_LOC_ID,LOC_ID,STATUS,READ_TIME,READ_DATE) values ('20','SCANNER','Electronics','Computers and accesories','INVENTORY','INVENTORY','Inventory',1489384244252,to_date('13-MAR-17','DD-MON-RR'));
Insert into BIA.ITEM_TBL (ITEM_ID,ITEM_NAME,ITEM_CATEGORY,ITEM_TYPE,BASE_LOC_ID,LOC_ID,STATUS,READ_TIME,READ_DATE) values ('21','METAL DETECTOR','Electronics','Computers and accesories','INVENTORY','INVENTORY','Location',1490332137879,to_date('13-MAR-17','DD-MON-RR'));
Insert into BIA.ITEM_TBL (ITEM_ID,ITEM_NAME,ITEM_CATEGORY,ITEM_TYPE,BASE_LOC_ID,LOC_ID,STATUS,READ_TIME,READ_DATE) values ('22','LAPTOP','Electronics','Computers and accesories','INVENTORY','EXITGATE','Location',1490332137879,to_date('13-MAR-17','DD-MON-RR'));
Insert into BIA.ITEM_TBL (ITEM_ID,ITEM_NAME,ITEM_CATEGORY,ITEM_TYPE,BASE_LOC_ID,LOC_ID,STATUS,READ_TIME,READ_DATE) values ('23','WHEEL CHAIR','Electronics','Computers and accesories','INVENTORY','CONVEYERBELT','Transit',1496213722904,to_date('13-MAR-17','DD-MON-RR'));
Insert into BIA.ITEM_TBL (ITEM_ID,ITEM_NAME,ITEM_CATEGORY,ITEM_TYPE,BASE_LOC_ID,LOC_ID,STATUS,READ_TIME,READ_DATE) values ('24','LAPTOP','Electronics','Computers and accesories','INVENTORY','CONVEYERBELT','Transit',1496213722904,to_date('13-MAR-17','DD-MON-RR'));
Insert into BIA.ITEM_TBL (ITEM_ID,ITEM_NAME,ITEM_CATEGORY,ITEM_TYPE,BASE_LOC_ID,LOC_ID,STATUS,READ_TIME,READ_DATE) values ('25','WHEEL CHAIR','Electronics','Computers and accesories','INVENTORY','INVENTORY','Inventory',1490333707301,to_date('13-MAR-17','DD-MON-RR'));
Insert into BIA.ITEM_TBL (ITEM_ID,ITEM_NAME,ITEM_CATEGORY,ITEM_TYPE,BASE_LOC_ID,LOC_ID,STATUS,READ_TIME,READ_DATE) values ('26','TROLLEY','Electronics','Computers and accesories','INVENTORY','TAXIWAY','Transit',1496213722904,to_date('13-MAR-17','DD-MON-RR'));
Insert into BIA.ITEM_TBL (ITEM_ID,ITEM_NAME,ITEM_CATEGORY,ITEM_TYPE,BASE_LOC_ID,LOC_ID,STATUS,READ_TIME,READ_DATE) values ('27','LAPTOP','Electronics','Computers and accesories','INVENTORY','INVENTORY','Transit',1496213722904,to_date('14-MAR-17','DD-MON-RR'));
Insert into BIA.ITEM_TBL (ITEM_ID,ITEM_NAME,ITEM_CATEGORY,ITEM_TYPE,BASE_LOC_ID,LOC_ID,STATUS,READ_TIME,READ_DATE) values ('28','METAL DETECTOR','Electronics1','Computers and accesories','INVENTORY','EXITGATE','Transit',1496212467904,to_date('13-MAR-17','DD-MON-RR'));
Insert into BIA.ITEM_TBL (ITEM_ID,ITEM_NAME,ITEM_CATEGORY,ITEM_TYPE,BASE_LOC_ID,LOC_ID,STATUS,READ_TIME,READ_DATE) values ('29','METAL DETECTOR','Electronics','Computers and accesories','INVENTORY','EXITGATE','Transit',1496212502904,to_date('13-MAR-17','DD-MON-RR'));
Insert into BIA.ITEM_TBL (ITEM_ID,ITEM_NAME,ITEM_CATEGORY,ITEM_TYPE,BASE_LOC_ID,LOC_ID,STATUS,READ_TIME,READ_DATE) values ('30','WHEEL CHAIR','Electronics','Computers and accesories','INVENTORY','INVENTORY','Inventory',1489729909842,to_date('13-MAR-17','DD-MON-RR'));
Insert into BIA.ITEM_TBL (ITEM_ID,ITEM_NAME,ITEM_CATEGORY,ITEM_TYPE,BASE_LOC_ID,LOC_ID,STATUS,READ_TIME,READ_DATE) values ('31','WHEEL CHAIR','Electronics','Computers and accesories','INVENTORY','CONVEYERBELT','Transit',1496212502904,to_date('13-MAR-17','DD-MON-RR'));
Insert into BIA.ITEM_TBL (ITEM_ID,ITEM_NAME,ITEM_CATEGORY,ITEM_TYPE,BASE_LOC_ID,LOC_ID,STATUS,READ_TIME,READ_DATE) values ('32','SCANNER','Electronics','Computers and accesories','INVENTORY','INVENTORY','Inventory',1490672741095,to_date('13-MAR-17','DD-MON-RR'));
Insert into BIA.ITEM_TBL (ITEM_ID,ITEM_NAME,ITEM_CATEGORY,ITEM_TYPE,BASE_LOC_ID,LOC_ID,STATUS,READ_TIME,READ_DATE) values ('33','METAL DETECTOR','Electronics','Computers and accesories','INVENTORY','TAXIWAY','Transit',1496212502904,to_date('13-MAR-17','DD-MON-RR'));
Insert into BIA.ITEM_TBL (ITEM_ID,ITEM_NAME,ITEM_CATEGORY,ITEM_TYPE,BASE_LOC_ID,LOC_ID,STATUS,READ_TIME,READ_DATE) values ('34','LAPTOP','Electronics','Computers and accesories','INVENTORY','TAXIWAY','Transit',1496206574230,to_date('13-MAR-17','DD-MON-RR'));
Insert into BIA.ITEM_TBL (ITEM_ID,ITEM_NAME,ITEM_CATEGORY,ITEM_TYPE,BASE_LOC_ID,LOC_ID,STATUS,READ_TIME,READ_DATE) values ('35','WHEEL CHAIR','Electronics','Computers and accesories','INVENTORY','INVENTORY','Transit',1496203456230,to_date('13-MAR-17','DD-MON-RR'));
Insert into BIA.ITEM_TBL (ITEM_ID,ITEM_NAME,ITEM_CATEGORY,ITEM_TYPE,BASE_LOC_ID,LOC_ID,STATUS,READ_TIME,READ_DATE) values ('36','TROLLEY','Electronics','Computers and accesories','INVENTORY','TAXIWAY','Transit',1496206574230,to_date('13-MAR-17','DD-MON-RR'));
REM INSERTING into BIA.LOCATION_TBL
SET DEFINE OFF;
Insert into BIA.LOCATION_TBL (LOC_ID,LOC_NAME,LOC_TYPE) values ('INVENTORY','INVENTORY','Warehouse');
Insert into BIA.LOCATION_TBL (LOC_ID,LOC_NAME,LOC_TYPE) values ('TAXIWAY','TAXI WAY','Location');
Insert into BIA.LOCATION_TBL (LOC_ID,LOC_NAME,LOC_TYPE) values ('EXITGATE','EXIT GATE','Location');
Insert into BIA.LOCATION_TBL (LOC_ID,LOC_NAME,LOC_TYPE) values ('CONVEYERBELT','CONVEYER BELT','Location');
Insert into BIA.LOCATION_TBL (LOC_ID,LOC_NAME,LOC_TYPE) values ('WASHROOM','WASHROOM','Location');
Insert into BIA.LOCATION_TBL (LOC_ID,LOC_NAME,LOC_TYPE) values ('SECURITY','SECURITY','Location');
Insert into BIA.LOCATION_TBL (LOC_ID,LOC_NAME,LOC_TYPE) values ('LOUNGE','LOUNGE','Location');
REM INSERTING into BIA.TAG_TBL
SET DEFINE OFF;
Insert into BIA.TAG_TBL (UUID,TYPE,ITEM_ID) values ('E200 4000 8409 0060 0970 0627','RFID','1');
Insert into BIA.TAG_TBL (UUID,TYPE,ITEM_ID) values ('ABE1 3606 0000 0000 0000 0000 ','RFID','2');
Insert into BIA.TAG_TBL (UUID,TYPE,ITEM_ID) values ('E200 4000 8409 0060 0970 0618','RFID','3');
Insert into BIA.TAG_TBL (UUID,TYPE,ITEM_ID) values ('E200 4000 8409 0060 0970 06202','RFID','4');
Insert into BIA.TAG_TBL (UUID,TYPE,ITEM_ID) values ('E200 4000 8409 0060 0970 06191','RFID','5');
Insert into BIA.TAG_TBL (UUID,TYPE,ITEM_ID) values ('E200 4000 8409 0060 0970 06213','RFID','6');
Insert into BIA.TAG_TBL (UUID,TYPE,ITEM_ID) values ('E200 4000 8409 0060 0970 06224','RFID','7');
Insert into BIA.TAG_TBL (UUID,TYPE,ITEM_ID) values ('E200 4000 8409 0060 0970 06235','RFID','8');
Insert into BIA.TAG_TBL (UUID,TYPE,ITEM_ID) values ('E200 4000 8409 0060 0970 06246','RFID','9');
Insert into BIA.TAG_TBL (UUID,TYPE,ITEM_ID) values ('E200 4000 8409 0060 0970 0619122','RFID','10');
Insert into BIA.TAG_TBL (UUID,TYPE,ITEM_ID) values ('E200 4000 8409 0060 0970 06213411','RFID','11');
Insert into BIA.TAG_TBL (UUID,TYPE,ITEM_ID) values ('E200 4000 8409 0060 0970 062242','RFID','12');
Insert into BIA.TAG_TBL (UUID,TYPE,ITEM_ID) values ('E200 4000 8409 0060 0970 0619122','RFID','13');
Insert into BIA.TAG_TBL (UUID,TYPE,ITEM_ID) values ('ABE1 3606 0000 0000 0000 00002 ','RFID','14');
Insert into BIA.TAG_TBL (UUID,TYPE,ITEM_ID) values ('E200 4000 8409 0060 0970 06183','RFID','15');
Insert into BIA.TAG_TBL (UUID,TYPE,ITEM_ID) values ('E200 4000 8409 0060 0970 062024','RFID','16');
Insert into BIA.TAG_TBL (UUID,TYPE,ITEM_ID) values ('E200 4000 8409 0060 0970 061915','RFID','17');
Insert into BIA.TAG_TBL (UUID,TYPE,ITEM_ID) values ('E200 4000 8409 0060 0970 062136','RFID','18');
Insert into BIA.TAG_TBL (UUID,TYPE,ITEM_ID) values ('E200 4000 8409 0060 0970 062247','RFID','19');
Insert into BIA.TAG_TBL (UUID,TYPE,ITEM_ID) values ('E200 4000 8409 0060 0970 062358','RFID','20');
Insert into BIA.TAG_TBL (UUID,TYPE,ITEM_ID) values ('E200 4000 8409 0060 0970 062469','RFID','21');
Insert into BIA.TAG_TBL (UUID,TYPE,ITEM_ID) values ('E200 4000 8409 0060 0970 061912210','RFID','22');
Insert into BIA.TAG_TBL (UUID,TYPE,ITEM_ID) values ('E200 4000 8409 0060 0970 06213411','RFID','23');
Insert into BIA.TAG_TBL (UUID,TYPE,ITEM_ID) values ('E200 4000 8409 0060 0970 06213411','RFID','24');
Insert into BIA.TAG_TBL (UUID,TYPE,ITEM_ID) values ('E200 4000 8409 0060 0970 06224212','RFID','25');
Insert into BIA.TAG_TBL (UUID,TYPE,ITEM_ID) values ('E200 4000 8409 0060 0970 0627113','RFID','26');
Insert into BIA.TAG_TBL (UUID,TYPE,ITEM_ID) values ('ABE1 3606 0000 0000 0000 00002 14','RFID','27');
Insert into BIA.TAG_TBL (UUID,TYPE,ITEM_ID) values ('E200 4000 8409 0060 0970 0618315','RFID','28');
Insert into BIA.TAG_TBL (UUID,TYPE,ITEM_ID) values ('E200 4000 8409 0060 0970 06202416','RFID','29');
Insert into BIA.TAG_TBL (UUID,TYPE,ITEM_ID) values ('E200 4000 8409 0060 0970 06191517','RFID','30');
Insert into BIA.TAG_TBL (UUID,TYPE,ITEM_ID) values ('E200 4000 8409 0060 0970 06213618','RFID','31');
Insert into BIA.TAG_TBL (UUID,TYPE,ITEM_ID) values ('E200 4000 8409 0060 0970 06224719','RFID','32');
Insert into BIA.TAG_TBL (UUID,TYPE,ITEM_ID) values ('E200 4000 8409 0060 0970 06235820','RFID','33');
Insert into BIA.TAG_TBL (UUID,TYPE,ITEM_ID) values ('E200 4000 8409 0060 0970 06246921','RFID','34');
Insert into BIA.TAG_TBL (UUID,TYPE,ITEM_ID) values ('E200 4000 8409 0060 0970 0619122156','RFID','35');
--------------------------------------------------------
--  DDL for Index ITEM_TBL_PK
--------------------------------------------------------

  CREATE UNIQUE INDEX "BIA"."ITEM_TBL_PK" ON "BIA"."ITEM_TBL" ("ITEM_ID") 
  PCTFREE 10 INITRANS 2 MAXTRANS 255 COMPUTE STATISTICS 
  STORAGE(INITIAL 65536 NEXT 1048576 MINEXTENTS 1 MAXEXTENTS 2147483645
  PCTINCREASE 0 FREELISTS 1 FREELIST GROUPS 1 BUFFER_POOL DEFAULT FLASH_CACHE DEFAULT CELL_FLASH_CACHE DEFAULT)
  TABLESPACE "SYSTEM" ;
--------------------------------------------------------
--  DDL for Index TAG_TBL_PK
--------------------------------------------------------

  CREATE UNIQUE INDEX "BIA"."TAG_TBL_PK" ON "BIA"."TAG_TBL" ("ITEM_ID") 
  PCTFREE 10 INITRANS 2 MAXTRANS 255 COMPUTE STATISTICS 
  STORAGE(INITIAL 65536 NEXT 1048576 MINEXTENTS 1 MAXEXTENTS 2147483645
  PCTINCREASE 0 FREELISTS 1 FREELIST GROUPS 1 BUFFER_POOL DEFAULT FLASH_CACHE DEFAULT CELL_FLASH_CACHE DEFAULT)
  TABLESPACE "SYSTEM" ;
--------------------------------------------------------
--  DDL for Trigger BEFORE_EVENT_INSERT
--------------------------------------------------------

  CREATE OR REPLACE TRIGGER "BIA"."BEFORE_EVENT_INSERT" BEFORE
  INSERT ON AT_EVENT_TBL FOR EACH ROW DECLARE
    -- variable declarations
    v_loc_id       VARCHAR2(20);
  v_prev_loc_id    VARCHAR2(10);
  v_prev_read_time NUMBER;
  v_prev_read_date DATE;
  v_read_date      DATE;
  v_item_id        VARCHAR2(20);
  v_base_loc_id    VARCHAR2(10);
  v_event_status   VARCHAR2(10);
  v_item_status    VARCHAR2(10);
  v_prev_status    VARCHAR2(10);
  BEGIN
    --Get the current Read Date from the Read Time in Millseconds
    BEGIN
      SELECT TO_DATE('197001','YYYYMM') + (:new.READ_TIME / 1000 / 60 / 60 / 24)
      INTO v_read_date
      FROM DUAL;
    END;
    /*************************************************************/
    --Find the current location based on the reader ID
    BEGIN
      SELECT LOC_ID
      INTO v_loc_id
      FROM APPL_TBL
      WHERE APPL_ID = :new.READER
        ||:new.ANTENNA ;
    END;
    /*************************************************************/
    --Find the prev read location and time for the Item
    BEGIN
      SELECT A.ITEM_ID,
        A.LOC_ID,
        A.READ_TIME,
        A.READ_DATE,
        A.STATUS,
        A.BASE_LOC_ID
      INTO v_item_id,
        v_prev_loc_id,
        v_prev_read_time,
        v_prev_read_date,
        v_prev_status,
        v_base_loc_id
      FROM ITEM_TBL A,
        TAG_TBL B
      WHERE B.UUID =:new.UUID
      AND A.ITEM_ID=B.ITEM_ID;
    EXCEPTION
    WHEN NO_DATA_FOUND THEN
      v_prev_loc_id    := v_loc_id;
      v_prev_read_time := :new.READ_TIME;
      v_prev_read_date := v_read_date;
    END;
    /*************************************************************/
    --Determine the status of the event as entry or exit
    BEGIN
      IF v_prev_loc_id   = v_loc_id THEN
        IF v_prev_status ='Transit' THEN
          v_event_status:='Entry';
        ELSE
          v_event_status:='Exit';
          v_item_status :='Transit';
        END IF;
      ELSE
        v_event_status:='Entry';
      END IF;
      --Set Item Status as Warehouse or Deployed if not in transit based on base location
      IF v_item_status  IS NULL THEN
        IF v_loc_id      = v_base_loc_id THEN
          v_item_status := 'Inventory';
        ELSE
          v_item_status := 'Location';
        END IF;
      END IF;
    END;
    /*************************************************************/
    --Update the Item Table for the latest reading values before updating the event table
    BEGIN
      dbms_output.put_line(v_item_id);
      UPDATE ITEM_TBL
      SET LOC_ID    = v_loc_id,
        STATUS      = v_item_status,
        READ_TIME   = :new.READ_TIME,
        READ_DATE   = v_read_date
      WHERE ITEM_ID = v_item_id;
    END;
    /*************************************************************/
    --Get the sequence number
    BEGIN
      IF :new.SEQ IS NULL THEN
        SELECT EVENTS_SEQ.NEXTVAL INTO :new.SEQ FROM dual;
      END IF;
    END;
    /*************************************************************/
    --Assign the new values for insert
    :new.LOC_ID         := v_loc_id;
    :new.PREV_READ_TIME := v_prev_read_time;
    :new.PREV_LOC_ID    := v_prev_loc_id;
    :new.STATUS         := v_event_status;
    :new.DURATION       := ROUND((:new.READ_TIME - v_prev_read_time)/(1000*60),1);
    :new.READ_DATE      := v_read_date;
    :new.PREV_READ_DATE := v_prev_read_date;
    /*************************************************************/
  END;
/
ALTER TRIGGER "BIA"."BEFORE_EVENT_INSERT" ENABLE;
--------------------------------------------------------
--  DDL for Procedure BEFORE_EVENT_INSERT
--------------------------------------------------------
set define off;

  CREATE OR REPLACE PROCEDURE "BIA"."BEFORE_EVENT_INSERT" AS 
    -- variable declarations
  v_loc_id       VARCHAR2(20);
  v_prev_loc_id    VARCHAR2(10);
  v_prev_read_time NUMBER;
  v_prev_read_date DATE;
  v_read_date      DATE;
  v_item_id        VARCHAR2(20);
  v_base_loc_id    VARCHAR2(10);
  v_event_status   VARCHAR2(10);
  v_item_status    VARCHAR2(10);
  BEGIN
    BEGIN
      --Get the current Read Date from the Read Time in Millseconds
      BEGIN
        SELECT TO_DATE('197001','YYYYMM') + (:new.READ_TIME / 1000 / 60 / 60 / 24)
        INTO v_read_date
        FROM DUAL
      END;
    /*************************************************************/
    --Find the current location based on the reader ID
    BEGIN
      SELECT LOC_ID
      INTO v_loc_id
      FROM APPL_TBL
      WHERE APPL_ID = :new.READER
        ||:new.ANTENNA ;
    END;
    /*************************************************************/
    --Find the prev read location and time for the Item
    BEGIN
      SELECT ITEM_ID,
        LOC_ID,
        READ_TIME,
        READ_DATE,
        STATUS,
        BASE_LOC_ID
      INTO v_item_id,
        v_prev_loc_id,
        v_prev_read_time,
        v_prev_read_date,
        v_prev_status,
        v_base_loc_id
      FROM ITEM_TBL A,
        TAG_TBL B
      WHERE B.UUID =:new.UUID
      AND a.ITEM_ID=B.ITEM_ID;
    EXCEPTION
    WHEN NO_DATA_FOUND THEN
      v_prev_loc_id    := v_loc_id;
      v_prev_read_time := :new.READ_TIME;
      v_prev_read_date := v_read_date;
    END;
    /*************************************************************/
    --Determine the status of the event as entry or exit
    BEGIN
      IF v_prev_loc_id   = v_loc_id THEN
        IF v_prev_status ='Transit' THEN
          v_event_status:='Entry';
        ELSE
          v_event_status:='Exit';
          v_item_status :='Transit';
        END IF;
      ELSE
        v_event_status:='Entry';
      END IF;
      --Set Item Status as Warehouse or Deployed if not in transit based on base location
      IF v_item_status  != 'Transit' THEN
        IF v_loc_id      = v_base_loc_id THEN
          v_item_status := 'Warehouse';
        ELSE
          v_item_status := 'Deployed';
        END IF;
      END IF;
    END;
    /*************************************************************/
    --Update the Item Table for the latest reading values before updating the event table
    BEGIN
      UPDATE ITEM_TBL
      SET LOC_ID    = v_loc_id,
        STATUS      = v_item_status,
        READ_TIME   = :new.READ_TIME,
        READ_DATE   = v_read_date
      WHERE ITEM_ID = v_item_id;
    END;
    /*************************************************************/
    --Assign the new values for insert

      :new.LOC_ID         := v_loc_id;
      :new.PREV_READ_TIME := v_prev_read_time;
      :new.PREV_LOC_ID    := v_prev_loc_id;
      :new.STATUS         := v_event_status;
      :new.DURATION       := (v_prev_read_time - :new.READ_TIME)/(1000*60);
      :new.READ_DATE      := v_read_date;
      :new.PREV_READ_DATE := v_prev_read_date;
  
    /*************************************************************/
  END

/
--------------------------------------------------------
--  Constraints for Table ITEM_TBL
--------------------------------------------------------

  ALTER TABLE "BIA"."ITEM_TBL" ADD CONSTRAINT "ITEM_TBL_PK" PRIMARY KEY ("ITEM_ID")
  USING INDEX PCTFREE 10 INITRANS 2 MAXTRANS 255 COMPUTE STATISTICS 
  STORAGE(INITIAL 65536 NEXT 1048576 MINEXTENTS 1 MAXEXTENTS 2147483645
  PCTINCREASE 0 FREELISTS 1 FREELIST GROUPS 1 BUFFER_POOL DEFAULT FLASH_CACHE DEFAULT CELL_FLASH_CACHE DEFAULT)
  TABLESPACE "SYSTEM"  ENABLE;
  ALTER TABLE "BIA"."ITEM_TBL" MODIFY ("ITEM_ID" NOT NULL ENABLE);
--------------------------------------------------------
--  Constraints for Table TAG_TBL
--------------------------------------------------------

  ALTER TABLE "BIA"."TAG_TBL" ADD CONSTRAINT "TAG_TBL_PK" PRIMARY KEY ("ITEM_ID")
  USING INDEX PCTFREE 10 INITRANS 2 MAXTRANS 255 COMPUTE STATISTICS 
  STORAGE(INITIAL 65536 NEXT 1048576 MINEXTENTS 1 MAXEXTENTS 2147483645
  PCTINCREASE 0 FREELISTS 1 FREELIST GROUPS 1 BUFFER_POOL DEFAULT FLASH_CACHE DEFAULT CELL_FLASH_CACHE DEFAULT)
  TABLESPACE "SYSTEM"  ENABLE;
  ALTER TABLE "BIA"."TAG_TBL" MODIFY ("ITEM_ID" NOT NULL ENABLE);
--------------------------------------------------------
--  Ref Constraints for Table TAG_TBL
--------------------------------------------------------

  ALTER TABLE "BIA"."TAG_TBL" ADD CONSTRAINT "TAG_TBL_FK1" FOREIGN KEY ("ITEM_ID")
	  REFERENCES "BIA"."ITEM_TBL" ("ITEM_ID") ENABLE;
